IBPFAHIO_00001	0
IBPFAHIO_00003	3
IBPFAHIO_00004	134
IBPFAHIO_00006	1626
IBPFAHIO_00007	431
IBPFAHIO_00008	5
IBPFAHIO_00009	1158
IBPFAHIO_00010	1476
IBPFAHIO_00011	95
IBPFAHIO_00012	113
IBPFAHIO_00013	9052
IBPFAHIO_00014	1576
IBPFAHIO_00015	638
IBPFAHIO_00016	694
IBPFAHIO_00017	1166
IBPFAHIO_00018	4751
IBPFAHIO_00019	19386
IBPFAHIO_00020	5
IBPFAHIO_00021	34
IBPFAHIO_00022	0
IBPFAHIO_00023	2
IBPFAHIO_00024	211
IBPFAHIO_00025	657
IBPFAHIO_00026	7
IBPFAHIO_00027	1161
IBPFAHIO_00028	2386
IBPFAHIO_00029	692
IBPFAHIO_00030	7
IBPFAHIO_00031	111
IBPFAHIO_00032	169
IBPFAHIO_00033	0
IBPFAHIO_00034	42
IBPFAHIO_00035	5343
IBPFAHIO_00037	524
IBPFAHIO_00038	1887
IBPFAHIO_00039	930
IBPFAHIO_00040	224
IBPFAHIO_00041	1133
IBPFAHIO_00042	262
IBPFAHIO_00043	373
IBPFAHIO_00044	367
IBPFAHIO_00045	25
IBPFAHIO_00046	517
IBPFAHIO_00047	1186
IBPFAHIO_00048	338
IBPFAHIO_00049	440
IBPFAHIO_00050	461
IBPFAHIO_00051	82
IBPFAHIO_00052	31
IBPFAHIO_00053	49
IBPFAHIO_00054	340
IBPFAHIO_00055	92
IBPFAHIO_00056	74
IBPFAHIO_00057	0
IBPFAHIO_00058	0
IBPFAHIO_00059	395
IBPFAHIO_00060	2
IBPFAHIO_00061	811
IBPFAHIO_00062	474
IBPFAHIO_00063	890
IBPFAHIO_00064	77
IBPFAHIO_00065	56
IBPFAHIO_00066	79
IBPFAHIO_00067	125
IBPFAHIO_00068	296
IBPFAHIO_00069	234
IBPFAHIO_00070	250
IBPFAHIO_00071	654
IBPFAHIO_00072	17
IBPFAHIO_00073	72
IBPFAHIO_00074	13
IBPFAHIO_00075	81
IBPFAHIO_00076	149
IBPFAHIO_00077	196
IBPFAHIO_00078	504
IBPFAHIO_00079	113
IBPFAHIO_00080	596
IBPFAHIO_00081	0
IBPFAHIO_00082	0
IBPFAHIO_00083	0
IBPFAHIO_00084	21
IBPFAHIO_00085	14
IBPFAHIO_00086	18
IBPFAHIO_00087	20
IBPFAHIO_00088	219
IBPFAHIO_00089	11
IBPFAHIO_00090	1
IBPFAHIO_00091	53
IBPFAHIO_00092	6
IBPFAHIO_00093	72
IBPFAHIO_00094	3
IBPFAHIO_00095	16738
IBPFAHIO_00096	329
IBPFAHIO_00097	1567
IBPFAHIO_00098	2217
IBPFAHIO_00099	554
IBPFAHIO_00100	322
IBPFAHIO_00101	101
IBPFAHIO_00102	187
IBPFAHIO_00103	724
IBPFAHIO_00104	677
IBPFAHIO_00105	1537
IBPFAHIO_00106	8131
IBPFAHIO_00107	1840
IBPFAHIO_00108	172
IBPFAHIO_00109	698
IBPFAHIO_00110	987
IBPFAHIO_00111	5309
IBPFAHIO_00112	7263
IBPFAHIO_00113	2074
IBPFAHIO_00114	1252
IBPFAHIO_00115	758
IBPFAHIO_00116	2225
IBPFAHIO_00117	5138
IBPFAHIO_00118	737
IBPFAHIO_00119	6848
IBPFAHIO_00120	4273
IBPFAHIO_00121	1197
IBPFAHIO_00122	14517
IBPFAHIO_00123	41
IBPFAHIO_00124	1
IBPFAHIO_00125	63
IBPFAHIO_00126	1549
IBPFAHIO_00127	50123
IBPFAHIO_00128	62197
IBPFAHIO_00129	7885
IBPFAHIO_00130	4592
IBPFAHIO_00131	3205
IBPFAHIO_00132	992
IBPFAHIO_00133	5664
IBPFAHIO_00134	15235
IBPFAHIO_00135	11853
IBPFAHIO_00136	5628
IBPFAHIO_00137	14689
IBPFAHIO_00138	2923
IBPFAHIO_00139	5313
IBPFAHIO_00140	23389
IBPFAHIO_00141	7381
IBPFAHIO_00142	215
IBPFAHIO_00143	776
IBPFAHIO_00144	337
IBPFAHIO_00145	1037
IBPFAHIO_00146	1713
IBPFAHIO_00147	1063
IBPFAHIO_00148	622
IBPFAHIO_00149	62
IBPFAHIO_00150	91
IBPFAHIO_00151	65
IBPFAHIO_00152	252
IBPFAHIO_00153	538
IBPFAHIO_00154	182
IBPFAHIO_00155	139
IBPFAHIO_00156	987
IBPFAHIO_00157	6718
IBPFAHIO_00158	6847
IBPFAHIO_00159	36944
IBPFAHIO_00160	8117
IBPFAHIO_00161	12
IBPFAHIO_00162	20559
IBPFAHIO_00163	29539
IBPFAHIO_00164	2559
IBPFAHIO_00165	4488
IBPFAHIO_00166	8424
IBPFAHIO_00167	8655
IBPFAHIO_00168	2718
IBPFAHIO_00169	4594
IBPFAHIO_00170	2263
IBPFAHIO_00171	31
IBPFAHIO_00172	38
IBPFAHIO_00173	139
IBPFAHIO_00174	8
IBPFAHIO_00175	124
IBPFAHIO_00176	30
IBPFAHIO_00177	32
IBPFAHIO_00178	33
IBPFAHIO_00179	1492
IBPFAHIO_00180	7540
IBPFAHIO_00181	3305
IBPFAHIO_00182	8638
IBPFAHIO_00183	10728
IBPFAHIO_00184	20279
IBPFAHIO_00185	826
IBPFAHIO_00186	2822
IBPFAHIO_00187	1062
IBPFAHIO_00188	943
IBPFAHIO_00189	44431
IBPFAHIO_00190	25061
IBPFAHIO_00191	4799
IBPFAHIO_00192	759
IBPFAHIO_00193	51
IBPFAHIO_00194	16
IBPFAHIO_00195	11748
IBPFAHIO_00196	17246
IBPFAHIO_00197	16940
IBPFAHIO_00198	1817
IBPFAHIO_00199	5900
IBPFAHIO_00200	5747
IBPFAHIO_00201	3244
IBPFAHIO_00202	5573
IBPFAHIO_00203	9675
IBPFAHIO_00204	17948
IBPFAHIO_00205	5510
IBPFAHIO_00206	97
IBPFAHIO_00207	1497
IBPFAHIO_00208	330
IBPFAHIO_00209	166
IBPFAHIO_00210	86
IBPFAHIO_00211	88
IBPFAHIO_00212	2060
IBPFAHIO_00213	2363
IBPFAHIO_00214	3589
IBPFAHIO_00215	2982
IBPFAHIO_00216	4093
IBPFAHIO_00217	766
IBPFAHIO_00218	2257
IBPFAHIO_00219	390
IBPFAHIO_00220	38
IBPFAHIO_00221	40
IBPFAHIO_00222	107
IBPFAHIO_00223	67
IBPFAHIO_00224	22
IBPFAHIO_00225	42
IBPFAHIO_00226	86
IBPFAHIO_00227	32
IBPFAHIO_00228	851
IBPFAHIO_00229	581
IBPFAHIO_00230	1265
IBPFAHIO_00231	1050
IBPFAHIO_00232	1476
IBPFAHIO_00233	33816
IBPFAHIO_00234	750
IBPFAHIO_00235	1
IBPFAHIO_00236	1335
IBPFAHIO_00237	1087
IBPFAHIO_00238	3759
IBPFAHIO_00239	1864
IBPFAHIO_00240	1863
IBPFAHIO_00241	13590
IBPFAHIO_00242	2399
IBPFAHIO_00243	6678
IBPFAHIO_00244	5449
IBPFAHIO_00245	1985
IBPFAHIO_00246	574
IBPFAHIO_00247	2175
IBPFAHIO_00248	1024
IBPFAHIO_00249	3539
IBPFAHIO_00250	244
IBPFAHIO_00251	3759
IBPFAHIO_00252	2635
IBPFAHIO_00253	0
IBPFAHIO_00254	133
IBPFAHIO_00255	268
IBPFAHIO_00256	14
IBPFAHIO_00257	330
IBPFAHIO_00258	898
IBPFAHIO_00259	2378
IBPFAHIO_00260	527
IBPFAHIO_00261	1070
IBPFAHIO_00262	3473
IBPFAHIO_00263	633
IBPFAHIO_00264	1012
IBPFAHIO_00265	1547
IBPFAHIO_00266	7717
IBPFAHIO_00267	84
IBPFAHIO_00268	1
IBPFAHIO_00269	4
IBPFAHIO_00270	511
IBPFAHIO_00271	182
IBPFAHIO_00272	449
IBPFAHIO_00273	30
IBPFAHIO_00274	51
IBPFAHIO_00275	5
IBPFAHIO_00276	10
IBPFAHIO_00277	37
IBPFAHIO_00278	0
IBPFAHIO_00279	26
IBPFAHIO_00280	45
IBPFAHIO_00281	1414
IBPFAHIO_00282	699
IBPFAHIO_00283	60
IBPFAHIO_00284	54
IBPFAHIO_00285	283
IBPFAHIO_00286	9
IBPFAHIO_00287	223
IBPFAHIO_00288	53
IBPFAHIO_00289	93
IBPFAHIO_00290	312
IBPFAHIO_00291	351
IBPFAHIO_00292	12
IBPFAHIO_00293	2
IBPFAHIO_00294	0
IBPFAHIO_00295	3
IBPFAHIO_00296	2
IBPFAHIO_00297	2
IBPFAHIO_00298	2
IBPFAHIO_00299	1
IBPFAHIO_00300	4
IBPFAHIO_00301	6
IBPFAHIO_00302	21
IBPFAHIO_00303	15
IBPFAHIO_00304	237
IBPFAHIO_00305	15222
IBPFAHIO_00306	22
IBPFAHIO_00307	164
IBPFAHIO_00308	297
IBPFAHIO_00309	156
IBPFAHIO_00310	195
IBPFAHIO_00312	70
IBPFAHIO_00313	100
IBPFAHIO_00314	50
IBPFAHIO_00315	42
IBPFAHIO_00316	9
IBPFAHIO_00317	62
IBPFAHIO_00318	162
IBPFAHIO_00319	510
IBPFAHIO_00320	47
IBPFAHIO_00321	0
IBPFAHIO_00322	1124
IBPFAHIO_00323	236
IBPFAHIO_00324	141
IBPFAHIO_00325	59
IBPFAHIO_00326	147
IBPFAHIO_00327	35
IBPFAHIO_00328	1730
IBPFAHIO_00329	647
IBPFAHIO_00330	1236
IBPFAHIO_00331	154
IBPFAHIO_00332	0
IBPFAHIO_00333	75
IBPFAHIO_00334	99
IBPFAHIO_00335	64
IBPFAHIO_00336	48
IBPFAHIO_00337	5557
IBPFAHIO_00338	369
IBPFAHIO_00339	689
IBPFAHIO_00340	3764
IBPFAHIO_00341	231
IBPFAHIO_00342	1015
IBPFAHIO_00343	195
IBPFAHIO_00344	65314
IBPFAHIO_00345	522
IBPFAHIO_00346	193
IBPFAHIO_00347	569
IBPFAHIO_00348	314
IBPFAHIO_00349	18696
IBPFAHIO_00350	5772
IBPFAHIO_00351	184
IBPFAHIO_00352	256
IBPFAHIO_00353	111
IBPFAHIO_00354	392
IBPFAHIO_00355	124
IBPFAHIO_00356	161
IBPFAHIO_00357	960
IBPFAHIO_00358	1111
IBPFAHIO_00359	104
IBPFAHIO_00360	69
IBPFAHIO_00361	186
IBPFAHIO_00362	24
IBPFAHIO_00363	87
IBPFAHIO_00364	83
IBPFAHIO_00365	22
IBPFAHIO_00366	39
IBPFAHIO_00367	7033
IBPFAHIO_00368	2897
IBPFAHIO_00369	6473
IBPFAHIO_00370	2202
IBPFAHIO_00371	756
IBPFAHIO_00372	433
IBPFAHIO_00373	278
IBPFAHIO_00374	977
IBPFAHIO_00375	795
IBPFAHIO_00376	905
IBPFAHIO_00377	3495
IBPFAHIO_00378	5620
IBPFAHIO_00379	1964
IBPFAHIO_00380	1999
IBPFAHIO_00381	3114
IBPFAHIO_00382	602
IBPFAHIO_00383	942
IBPFAHIO_00384	1086
IBPFAHIO_00385	2983
IBPFAHIO_00386	435
IBPFAHIO_00387	6839
IBPFAHIO_00388	4263
IBPFAHIO_00389	1704
IBPFAHIO_00390	4933
IBPFAHIO_00391	2207
IBPFAHIO_00392	808
IBPFAHIO_00393	1385
IBPFAHIO_00394	1837
IBPFAHIO_00395	1551
IBPFAHIO_00396	355
IBPFAHIO_00397	510
IBPFAHIO_00398	334
IBPFAHIO_00399	267
IBPFAHIO_00400	227
IBPFAHIO_00401	15
IBPFAHIO_00402	43
IBPFAHIO_00403	232
IBPFAHIO_00404	71
IBPFAHIO_00405	10
IBPFAHIO_00406	11
IBPFAHIO_00407	168
IBPFAHIO_00408	40
IBPFAHIO_00409	21
IBPFAHIO_00410	97
IBPFAHIO_00411	303
IBPFAHIO_00412	483
IBPFAHIO_00413	3375
IBPFAHIO_00414	4307
IBPFAHIO_00415	181
IBPFAHIO_00416	21
IBPFAHIO_00417	56
IBPFAHIO_00418	160
IBPFAHIO_00419	34
IBPFAHIO_00420	4
IBPFAHIO_00421	1
IBPFAHIO_00422	4479
IBPFAHIO_00423	45
IBPFAHIO_00424	289
IBPFAHIO_00425	982
IBPFAHIO_00426	6831
IBPFAHIO_00427	2067
IBPFAHIO_00428	4756
IBPFAHIO_00429	883
IBPFAHIO_00430	837
IBPFAHIO_00431	529
IBPFAHIO_00432	1090
IBPFAHIO_00433	559
IBPFAHIO_00434	1
IBPFAHIO_00435	7012
IBPFAHIO_00436	4079
IBPFAHIO_00437	2365
IBPFAHIO_00438	1398
IBPFAHIO_00439	1070
IBPFAHIO_00440	989
IBPFAHIO_00441	571
IBPFAHIO_00442	299
IBPFAHIO_00443	342
IBPFAHIO_00444	3350
IBPFAHIO_00445	1002
IBPFAHIO_00446	730
IBPFAHIO_00447	600
IBPFAHIO_00448	835
IBPFAHIO_00449	507
IBPFAHIO_00450	3915
IBPFAHIO_00451	1328
IBPFAHIO_00452	548
IBPFAHIO_00453	1698
IBPFAHIO_00454	2108
IBPFAHIO_00455	1706
IBPFAHIO_00456	1711
IBPFAHIO_00457	533
IBPFAHIO_00458	1785
IBPFAHIO_00459	1591
IBPFAHIO_00460	24330
IBPFAHIO_00461	194
IBPFAHIO_00462	12668
IBPFAHIO_00463	2150
IBPFAHIO_00464	33
IBPFAHIO_00465	105
IBPFAHIO_00466	34
IBPFAHIO_00467	57
IBPFAHIO_00468	15
IBPFAHIO_00469	1115
IBPFAHIO_00470	7561
IBPFAHIO_00471	8486
IBPFAHIO_00472	5576
IBPFAHIO_00473	864
IBPFAHIO_00474	988
IBPFAHIO_00475	12394
IBPFAHIO_00476	0
IBPFAHIO_00477	100
IBPFAHIO_00478	1984
IBPFAHIO_00479	1556
IBPFAHIO_00480	301
IBPFAHIO_00481	118
IBPFAHIO_00482	952
IBPFAHIO_00483	5816
IBPFAHIO_00484	1489
IBPFAHIO_00485	4501
IBPFAHIO_00486	1003
IBPFAHIO_00487	209
IBPFAHIO_00488	31776
IBPFAHIO_00489	1258
IBPFAHIO_00490	2615
IBPFAHIO_00491	359
IBPFAHIO_00492	7833
IBPFAHIO_00493	18758
IBPFAHIO_00494	1153
IBPFAHIO_00495	1611
IBPFAHIO_00496	2199
IBPFAHIO_00497	4686
IBPFAHIO_00498	14967
IBPFAHIO_00499	4272
IBPFAHIO_00500	3067
IBPFAHIO_00501	21
IBPFAHIO_00502	951
IBPFAHIO_00503	3951
IBPFAHIO_00504	8913
IBPFAHIO_00505	12835
IBPFAHIO_00506	5442
IBPFAHIO_00507	1042
IBPFAHIO_00508	1967
IBPFAHIO_00509	364
IBPFAHIO_00510	4345
IBPFAHIO_00511	1295
IBPFAHIO_00512	1418
IBPFAHIO_00513	960
IBPFAHIO_00514	6927
IBPFAHIO_00515	4133
IBPFAHIO_00516	4824
IBPFAHIO_00517	15352
IBPFAHIO_00518	6355
IBPFAHIO_00519	3509
IBPFAHIO_00520	9033
IBPFAHIO_00521	5200
IBPFAHIO_00522	2154
IBPFAHIO_00523	1
IBPFAHIO_00524	2123
IBPFAHIO_00525	4371
IBPFAHIO_00526	460
IBPFAHIO_00527	451
IBPFAHIO_00528	353
IBPFAHIO_00529	519
IBPFAHIO_00530	975
IBPFAHIO_00532	932
IBPFAHIO_00533	173
IBPFAHIO_00534	683
IBPFAHIO_00535	1274
IBPFAHIO_00536	34
IBPFAHIO_00537	208
IBPFAHIO_00538	71
IBPFAHIO_00539	242
IBPFAHIO_00540	1526
IBPFAHIO_00542	182
IBPFAHIO_00543	2765
IBPFAHIO_00544	1364
IBPFAHIO_00545	1689
IBPFAHIO_00546	2393
IBPFAHIO_00547	1502
IBPFAHIO_00548	824
IBPFAHIO_00549	1422
IBPFAHIO_00550	4967
IBPFAHIO_00551	681
IBPFAHIO_00552	942
IBPFAHIO_00553	10247
IBPFAHIO_00554	1352
IBPFAHIO_00555	365
IBPFAHIO_00556	645
IBPFAHIO_00557	323
IBPFAHIO_00558	183
IBPFAHIO_00559	78
IBPFAHIO_00560	3146
IBPFAHIO_00561	789
IBPFAHIO_00562	1329
IBPFAHIO_00563	2423
IBPFAHIO_00564	1995
IBPFAHIO_00565	4424
IBPFAHIO_00566	25505
IBPFAHIO_00567	6844
IBPFAHIO_00568	1312
IBPFAHIO_00569	3461
IBPFAHIO_00570	25415
IBPFAHIO_00571	1553
IBPFAHIO_00572	487
IBPFAHIO_00573	11390
IBPFAHIO_00574	13514
IBPFAHIO_00575	5461
IBPFAHIO_00576	8565
IBPFAHIO_00577	540
IBPFAHIO_00578	3141
IBPFAHIO_00579	19
IBPFAHIO_00580	12
IBPFAHIO_00581	11
IBPFAHIO_00582	37
IBPFAHIO_00583	39
IBPFAHIO_00584	85
IBPFAHIO_00585	1292
IBPFAHIO_00586	364
IBPFAHIO_00587	305
IBPFAHIO_00588	81
IBPFAHIO_00589	199
IBPFAHIO_00590	166
IBPFAHIO_00591	381
IBPFAHIO_00592	99
IBPFAHIO_00593	17
IBPFAHIO_00594	120
IBPFAHIO_00595	253
IBPFAHIO_00596	4183
IBPFAHIO_00597	1679
IBPFAHIO_00598	138
IBPFAHIO_00599	5928
IBPFAHIO_00600	3146
IBPFAHIO_00601	66
IBPFAHIO_00602	6
IBPFAHIO_00603	24
IBPFAHIO_00604	12
IBPFAHIO_00605	23
IBPFAHIO_00606	2102
IBPFAHIO_00607	2271
IBPFAHIO_00608	4233
IBPFAHIO_00609	1146
IBPFAHIO_00610	1484
IBPFAHIO_00611	355
IBPFAHIO_00612	257
IBPFAHIO_00613	2146
IBPFAHIO_00614	575
IBPFAHIO_00615	69
IBPFAHIO_00616	48
IBPFAHIO_00617	53
IBPFAHIO_00618	52
IBPFAHIO_00619	16
IBPFAHIO_00620	7977
IBPFAHIO_00621	3446
IBPFAHIO_00622	4560
IBPFAHIO_00623	84
IBPFAHIO_00625	480
IBPFAHIO_00626	369
IBPFAHIO_00627	18
IBPFAHIO_00628	369
IBPFAHIO_00629	71
IBPFAHIO_00630	410
IBPFAHIO_00631	774
IBPFAHIO_00632	2504
IBPFAHIO_00633	371
IBPFAHIO_00634	243
IBPFAHIO_00635	506
IBPFAHIO_00636	338
IBPFAHIO_00637	1851
IBPFAHIO_00638	146
IBPFAHIO_00639	1079
IBPFAHIO_00640	1910
IBPFAHIO_00641	72
IBPFAHIO_00642	2265
IBPFAHIO_00643	2919
IBPFAHIO_00644	715
IBPFAHIO_00645	86
IBPFAHIO_00646	41
IBPFAHIO_00647	534
IBPFAHIO_00648	72
IBPFAHIO_00649	1459
IBPFAHIO_00650	7968
IBPFAHIO_00651	1754
IBPFAHIO_00652	5709
IBPFAHIO_00653	19345
IBPFAHIO_00654	14046
IBPFAHIO_00655	1316
IBPFAHIO_00656	2705
IBPFAHIO_00657	3215
IBPFAHIO_00658	5511
IBPFAHIO_00659	10333
IBPFAHIO_00660	4189
IBPFAHIO_00661	2543
IBPFAHIO_00662	7013
IBPFAHIO_00663	12546
IBPFAHIO_00664	458
IBPFAHIO_00665	1732
IBPFAHIO_00666	2189
IBPFAHIO_00667	105
IBPFAHIO_00668	273
IBPFAHIO_00669	3311
IBPFAHIO_00670	418
IBPFAHIO_00671	1830
IBPFAHIO_00672	1596
IBPFAHIO_00673	3647
IBPFAHIO_00674	10087
IBPFAHIO_00675	688
IBPFAHIO_00676	1203
IBPFAHIO_00677	1875
IBPFAHIO_00678	4846
IBPFAHIO_00679	5828
IBPFAHIO_00680	1496
IBPFAHIO_00681	2004
IBPFAHIO_00682	3297
IBPFAHIO_00683	1033
IBPFAHIO_00684	374
IBPFAHIO_00685	2733
IBPFAHIO_00686	5836
IBPFAHIO_00687	813
IBPFAHIO_00688	23455
IBPFAHIO_00689	13127
IBPFAHIO_00690	22471
IBPFAHIO_00691	4258
IBPFAHIO_00692	8143
IBPFAHIO_00693	376
IBPFAHIO_00694	66
IBPFAHIO_00695	719
IBPFAHIO_00696	463
IBPFAHIO_00697	9204
IBPFAHIO_00698	11866
IBPFAHIO_00699	1074
IBPFAHIO_00700	4274
IBPFAHIO_00701	2667
IBPFAHIO_00702	3143
IBPFAHIO_00703	995
IBPFAHIO_00704	4170
IBPFAHIO_00705	9
IBPFAHIO_00706	2228
IBPFAHIO_00707	2475
IBPFAHIO_00708	8338
IBPFAHIO_00709	3
IBPFAHIO_00710	15569
IBPFAHIO_00711	9374
IBPFAHIO_00712	8868
IBPFAHIO_00713	899
IBPFAHIO_00714	163
IBPFAHIO_00715	513
IBPFAHIO_00716	2719
IBPFAHIO_00717	5879
IBPFAHIO_00718	1307
IBPFAHIO_00719	3467
IBPFAHIO_00720	2476
IBPFAHIO_00721	152
IBPFAHIO_00722	8704
IBPFAHIO_00723	8781
IBPFAHIO_00724	5524
IBPFAHIO_00725	5227
IBPFAHIO_00726	473
IBPFAHIO_00727	16514
IBPFAHIO_00728	4867
IBPFAHIO_00729	2009
IBPFAHIO_00730	23
IBPFAHIO_00731	97
IBPFAHIO_00732	774
IBPFAHIO_00733	227
IBPFAHIO_00734	1228
IBPFAHIO_00735	496
IBPFAHIO_00736	46
IBPFAHIO_00737	823
IBPFAHIO_00738	125
IBPFAHIO_00739	51
IBPFAHIO_00740	20
IBPFAHIO_00741	6
IBPFAHIO_00742	24
IBPFAHIO_00743	1
IBPFAHIO_00744	1
IBPFAHIO_00745	90
IBPFAHIO_00746	241
IBPFAHIO_00747	93
IBPFAHIO_00748	395
IBPFAHIO_00749	177
IBPFAHIO_00750	170
IBPFAHIO_00751	348
IBPFAHIO_00752	124
IBPFAHIO_00753	487
IBPFAHIO_00754	148
IBPFAHIO_00755	148
IBPFAHIO_00756	138
IBPFAHIO_00757	49
IBPFAHIO_00758	73
IBPFAHIO_00759	12
IBPFAHIO_00760	39
IBPFAHIO_00761	2
IBPFAHIO_00762	11
IBPFAHIO_00763	221
IBPFAHIO_00764	1
IBPFAHIO_00765	44
IBPFAHIO_00766	88
IBPFAHIO_00767	181
IBPFAHIO_00768	21
IBPFAHIO_00769	8
IBPFAHIO_00770	16
IBPFAHIO_00771	5
IBPFAHIO_00772	17
IBPFAHIO_00773	3
IBPFAHIO_00774	15
IBPFAHIO_00775	92
IBPFAHIO_00776	1679
IBPFAHIO_00777	274
IBPFAHIO_00778	5
IBPFAHIO_00779	44
IBPFAHIO_00780	8
IBPFAHIO_00781	25
IBPFAHIO_00782	13
IBPFAHIO_00783	1
IBPFAHIO_00784	54
IBPFAHIO_00801	10320
IBPFAHIO_00802	4883
IBPFAHIO_00803	23035
IBPFAHIO_00804	2258
IBPFAHIO_00805	22976
IBPFAHIO_00806	207
IBPFAHIO_00807	77684
IBPFAHIO_00808	66641
IBPFAHIO_00809	4410
IBPFAHIO_00810	635
IBPFAHIO_00811	3104
IBPFAHIO_00812	0
IBPFAHIO_00813	1618
IBPFAHIO_00814	2954
IBPFAHIO_00815	3
IBPFAHIO_00816	7838
IBPFAHIO_00817	936
IBPFAHIO_00818	17552
IBPFAHIO_00819	1389
IBPFAHIO_00820	1487
IBPFAHIO_00821	4923
IBPFAHIO_00822	469
IBPFAHIO_00823	0
IBPFAHIO_00824	15938
IBPFAHIO_00825	8747
IBPFAHIO_00826	14394
IBPFAHIO_00827	7926
IBPFAHIO_00828	12000
IBPFAHIO_00829	13954
IBPFAHIO_00830	2404
IBPFAHIO_00831	19185
IBPFAHIO_00832	13046
IBPFAHIO_00833	30616
IBPFAHIO_00834	29383
IBPFAHIO_00835	56734
IBPFAHIO_00836	18801
IBPFAHIO_00837	23777
IBPFAHIO_00838	44212
IBPFAHIO_00839	37899
IBPFAHIO_00840	37943
IBPFAHIO_00841	23050
IBPFAHIO_00842	40907
IBPFAHIO_00843	21052
IBPFAHIO_00844	448
IBPFAHIO_00845	5992
IBPFAHIO_00846	3153
IBPFAHIO_00847	3061
IBPFAHIO_00848	2552
IBPFAHIO_00849	164
IBPFAHIO_00850	100398
IBPFAHIO_00851	21524
IBPFAHIO_00852	12287
IBPFAHIO_00853	2340
IBPFAHIO_00854	51
IBPFAHIO_00855	8393
IBPFAHIO_00856	10675
IBPFAHIO_00857	3120
IBPFAHIO_00858	750
IBPFAHIO_00859	10440
IBPFAHIO_00860	2062
IBPFAHIO_00861	604
IBPFAHIO_00862	3494
IBPFAHIO_00863	481
IBPFAHIO_00864	768
IBPFAHIO_00865	7794
IBPFAHIO_00866	9448
IBPFAHIO_00867	9790
IBPFAHIO_00868	1027
IBPFAHIO_00869	300
IBPFAHIO_00870	685
IBPFAHIO_00871	627
IBPFAHIO_00872	1
IBPFAHIO_00873	0
IBPFAHIO_00874	21
IBPFAHIO_00875	1880
IBPFAHIO_00876	5351
IBPFAHIO_00877	3207
IBPFAHIO_00878	4681
IBPFAHIO_00879	5187
IBPFAHIO_00880	19702
IBPFAHIO_00881	10511
IBPFAHIO_00882	867
IBPFAHIO_00883	1
IBPFAHIO_00884	11308
IBPFAHIO_00885	7591
IBPFAHIO_00886	7180
IBPFAHIO_00887	4656
IBPFAHIO_00888	1145
IBPFAHIO_00889	795
IBPFAHIO_00890	3879
IBPFAHIO_00891	4620
IBPFAHIO_00892	4186
IBPFAHIO_00893	1550
IBPFAHIO_00894	1043
IBPFAHIO_00895	2572
IBPFAHIO_00896	446
IBPFAHIO_00897	6990
IBPFAHIO_00898	1
IBPFAHIO_00899	20373
IBPFAHIO_00900	7252
IBPFAHIO_00901	5406
IBPFAHIO_00902	2265
IBPFAHIO_00903	7204
IBPFAHIO_00904	13375
IBPFAHIO_00905	7428
IBPFAHIO_00906	20891
IBPFAHIO_00907	4238
IBPFAHIO_00908	7859
IBPFAHIO_00909	4085
IBPFAHIO_00910	2278
IBPFAHIO_00911	3541
IBPFAHIO_00912	3486
IBPFAHIO_00913	3748
IBPFAHIO_00914	8664
IBPFAHIO_00915	5601
IBPFAHIO_00916	348
IBPFAHIO_00917	4131
IBPFAHIO_00918	30
IBPFAHIO_00919	0
IBPFAHIO_00920	1
IBPFAHIO_00921	1
IBPFAHIO_00922	0
IBPFAHIO_00923	0
IBPFAHIO_00924	0
IBPFAHIO_00926	6
IBPFAHIO_00927	0
IBPFAHIO_00928	0
IBPFAHIO_00929	0
IBPFAHIO_00930	19
IBPFAHIO_00931	0
IBPFAHIO_00932	0
IBPFAHIO_00933	0
IBPFAHIO_00934	24
IBPFAHIO_00935	27
IBPFAHIO_00936	90
IBPFAHIO_00937	2
IBPFAHIO_00938	2
IBPFAHIO_00939	8
IBPFAHIO_00940	4
IBPFAHIO_00941	9
IBPFAHIO_00942	3
IBPFAHIO_00943	7
IBPFAHIO_00944	3
IBPFAHIO_00945	18
IBPFAHIO_00946	6
IBPFAHIO_00947	68
IBPFAHIO_00948	14
IBPFAHIO_00949	41
IBPFAHIO_00950	1
IBPFAHIO_00951	5
IBPFAHIO_00952	63
IBPFAHIO_00953	24
IBPFAHIO_00954	13
IBPFAHIO_00955	4
IBPFAHIO_00956	389
IBPFAHIO_00957	84
IBPFAHIO_00958	11
IBPFAHIO_00959	0
IBPFAHIO_00960	0
IBPFAHIO_00961	0
IBPFAHIO_00962	0
IBPFAHIO_00963	32
IBPFAHIO_00964	13
IBPFAHIO_00965	22
IBPFAHIO_00966	10
IBPFAHIO_00967	29
IBPFAHIO_00968	8
IBPFAHIO_00969	20
IBPFAHIO_00970	15
IBPFAHIO_00971	4
IBPFAHIO_00972	246
IBPFAHIO_00973	121
IBPFAHIO_00974	85
IBPFAHIO_00975	0
IBPFAHIO_00976	25
IBPFAHIO_00977	0
IBPFAHIO_00978	4
IBPFAHIO_00979	57
IBPFAHIO_00980	69
IBPFAHIO_00981	18
IBPFAHIO_00982	37
IBPFAHIO_00983	189
IBPFAHIO_00984	1010
IBPFAHIO_00985	52
IBPFAHIO_00986	281
IBPFAHIO_00987	26
IBPFAHIO_00988	859
IBPFAHIO_00989	440
IBPFAHIO_00990	187
IBPFAHIO_00991	1024
IBPFAHIO_00992	24354
IBPFAHIO_00993	2882
IBPFAHIO_00994	1573
IBPFAHIO_00995	184
IBPFAHIO_00996	413
IBPFAHIO_00997	5977
IBPFAHIO_00998	4116
IBPFAHIO_00999	5014
IBPFAHIO_01000	5618
IBPFAHIO_01001	3454
IBPFAHIO_01002	12638
IBPFAHIO_01003	4356
IBPFAHIO_01005	173
IBPFAHIO_01006	0
IBPFAHIO_01007	27
IBPFAHIO_01008	26
IBPFAHIO_01009	23
IBPFAHIO_01010	13369
IBPFAHIO_01011	5637
IBPFAHIO_01012	524
IBPFAHIO_01013	37
IBPFAHIO_01014	318
IBPFAHIO_01015	65
IBPFAHIO_01016	3638
IBPFAHIO_01017	15609
IBPFAHIO_01018	9019
IBPFAHIO_01019	893
IBPFAHIO_01020	449
IBPFAHIO_01021	830
IBPFAHIO_01022	2647
IBPFAHIO_01023	50
IBPFAHIO_01024	495
IBPFAHIO_01025	121
IBPFAHIO_01026	94683
IBPFAHIO_01027	219443
IBPFAHIO_01028	44943
IBPFAHIO_01029	53080
IBPFAHIO_01030	1309
IBPFAHIO_01031	1431
IBPFAHIO_01032	1380
IBPFAHIO_01033	785
IBPFAHIO_01034	5391
IBPFAHIO_01035	108
IBPFAHIO_01036	607
IBPFAHIO_01037	1609
IBPFAHIO_01038	1410
IBPFAHIO_01039	1101
IBPFAHIO_01040	195
IBPFAHIO_01041	137
IBPFAHIO_01042	44
IBPFAHIO_01043	320
IBPFAHIO_01044	180
IBPFAHIO_01045	771
IBPFAHIO_01046	4846
IBPFAHIO_01047	1781
IBPFAHIO_01048	1520
IBPFAHIO_01049	680
IBPFAHIO_01050	1888
IBPFAHIO_01051	5809
IBPFAHIO_01052	4913
IBPFAHIO_01053	1432
IBPFAHIO_01054	877
IBPFAHIO_01055	954
IBPFAHIO_01056	6345
IBPFAHIO_01057	0
IBPFAHIO_01058	8582
IBPFAHIO_01059	579
IBPFAHIO_01060	4664
IBPFAHIO_01061	5828
IBPFAHIO_01062	649
IBPFAHIO_01063	11018
IBPFAHIO_01064	2064
IBPFAHIO_01065	4471
IBPFAHIO_01066	865
IBPFAHIO_01067	1642
IBPFAHIO_01068	477
IBPFAHIO_01069	459
IBPFAHIO_01070	15509
IBPFAHIO_01071	8777
IBPFAHIO_01072	19026
IBPFAHIO_01073	8448
IBPFAHIO_01074	1789
IBPFAHIO_01075	1190
IBPFAHIO_01076	2992
IBPFAHIO_01077	30842
IBPFAHIO_01078	1202
IBPFAHIO_01079	1334
IBPFAHIO_01080	642
IBPFAHIO_01081	1116
IBPFAHIO_01082	1147
IBPFAHIO_01083	171
IBPFAHIO_01084	2646
IBPFAHIO_01085	573
IBPFAHIO_01086	868
IBPFAHIO_01087	9013
IBPFAHIO_01088	7560
IBPFAHIO_01089	13
IBPFAHIO_01090	40
IBPFAHIO_01091	15
IBPFAHIO_01092	16
IBPFAHIO_01093	5
IBPFAHIO_01094	24
IBPFAHIO_01095	45
IBPFAHIO_01096	585
IBPFAHIO_01097	899
IBPFAHIO_01098	2855
IBPFAHIO_01099	1378
IBPFAHIO_01100	915
IBPFAHIO_01101	951
IBPFAHIO_01102	1486
IBPFAHIO_01103	7581
IBPFAHIO_01104	3375
IBPFAHIO_01105	4285
IBPFAHIO_01106	734
IBPFAHIO_01107	469
IBPFAHIO_01108	236
IBPFAHIO_01109	41
IBPFAHIO_01110	175
IBPFAHIO_01111	4
IBPFAHIO_01112	31
IBPFAHIO_01113	31
IBPFAHIO_01114	40
IBPFAHIO_01115	22
IBPFAHIO_01116	47
IBPFAHIO_01117	5
IBPFAHIO_01118	16
IBPFAHIO_01119	14
IBPFAHIO_01120	7
IBPFAHIO_01121	88
IBPFAHIO_01122	505
IBPFAHIO_01123	73
IBPFAHIO_01124	172
IBPFAHIO_01125	183
IBPFAHIO_01126	156
IBPFAHIO_01127	291
IBPFAHIO_01128	358
IBPFAHIO_01129	7247
IBPFAHIO_01130	5094
IBPFAHIO_01131	1414
IBPFAHIO_01132	319
IBPFAHIO_01133	297
IBPFAHIO_01134	180
IBPFAHIO_01135	526
IBPFAHIO_01136	532
IBPFAHIO_01137	308
IBPFAHIO_01138	275
IBPFAHIO_01139	61
IBPFAHIO_01140	111
IBPFAHIO_01141	20
IBPFAHIO_01142	16
IBPFAHIO_01143	2994
IBPFAHIO_01144	1470
IBPFAHIO_01145	90
IBPFAHIO_01146	3883
IBPFAHIO_01147	170
IBPFAHIO_01148	19
IBPFAHIO_01149	10
IBPFAHIO_01150	67
IBPFAHIO_01151	7
IBPFAHIO_01152	265
IBPFAHIO_01153	834
IBPFAHIO_01154	1204
IBPFAHIO_01155	1699
IBPFAHIO_01156	138
IBPFAHIO_01157	1482
IBPFAHIO_01158	44948
IBPFAHIO_01159	34543
IBPFAHIO_01160	1101
IBPFAHIO_01161	22956
IBPFAHIO_01162	8249
IBPFAHIO_01163	1291
IBPFAHIO_01164	5768
IBPFAHIO_01165	4647
IBPFAHIO_01166	6157
IBPFAHIO_01167	5413
IBPFAHIO_01168	459
IBPFAHIO_01169	1482
IBPFAHIO_01170	96
IBPFAHIO_01171	0
IBPFAHIO_01172	8240
IBPFAHIO_01199	0
IBPFAHIO_01200	37592
IBPFAHIO_01201	3121
IBPFAHIO_01202	3564
IBPFAHIO_01203	32845
IBPFAHIO_01204	6451
IBPFAHIO_01205	2685
IBPFAHIO_01206	7983
IBPFAHIO_01207	3689
IBPFAHIO_01208	1086
IBPFAHIO_01209	2478
IBPFAHIO_01210	10760
IBPFAHIO_01211	771
IBPFAHIO_01212	74279
IBPFAHIO_01213	4364
IBPFAHIO_01214	2421
IBPFAHIO_01215	339
IBPFAHIO_01216	2466
IBPFAHIO_01217	68136
IBPFAHIO_01218	1189
IBPFAHIO_01219	5601
IBPFAHIO_01220	3597
IBPFAHIO_01221	1098
IBPFAHIO_01222	3913
IBPFAHIO_01223	19499
IBPFAHIO_01224	7216
IBPFAHIO_01225	7072
IBPFAHIO_01226	4226
IBPFAHIO_01227	2131
IBPFAHIO_01228	5333
IBPFAHIO_01229	5414
IBPFAHIO_01230	11159
IBPFAHIO_01231	950
IBPFAHIO_01232	2017
IBPFAHIO_01233	572
IBPFAHIO_01234	826
IBPFAHIO_01235	3192
IBPFAHIO_01236	850
IBPFAHIO_01237	9202
IBPFAHIO_01238	13365
IBPFAHIO_01239	3915
IBPFAHIO_01240	678
IBPFAHIO_01241	886
IBPFAHIO_01242	1690
IBPFAHIO_01243	4384
IBPFAHIO_01244	5319
IBPFAHIO_01245	1426
IBPFAHIO_01246	21881
IBPFAHIO_01247	15816
IBPFAHIO_01248	3323
IBPFAHIO_01249	4093
IBPFAHIO_01250	7491
IBPFAHIO_01251	2784
IBPFAHIO_01252	1707
IBPFAHIO_01253	2358
IBPFAHIO_01254	1178
IBPFAHIO_01255	3346
IBPFAHIO_01256	85
IBPFAHIO_01257	3048
IBPFAHIO_01258	3722
IBPFAHIO_01259	1713
IBPFAHIO_01260	6152
IBPFAHIO_01261	2279
IBPFAHIO_01262	18481
IBPFAHIO_01263	3824
IBPFAHIO_01264	6579
IBPFAHIO_01265	2143
IBPFAHIO_01266	1674
IBPFAHIO_01267	4816
IBPFAHIO_01268	2060
IBPFAHIO_01269	573
IBPFAHIO_01270	29
IBPFAHIO_01271	5
IBPFAHIO_01272	928
IBPFAHIO_01273	373
IBPFAHIO_01274	281
IBPFAHIO_01275	368
IBPFAHIO_01276	466
IBPFAHIO_01277	665
IBPFAHIO_01278	16915
IBPFAHIO_01279	504
IBPFAHIO_01280	74
IBPFAHIO_01281	325
IBPFAHIO_01282	1160
IBPFAHIO_01283	1597
IBPFAHIO_01284	9
IBPFAHIO_01285	132
IBPFAHIO_01286	376
IBPFAHIO_01287	212
IBPFAHIO_01288	208
IBPFAHIO_01289	74
IBPFAHIO_01290	4
IBPFAHIO_01291	524
IBPFAHIO_01292	511
IBPFAHIO_01293	1022
IBPFAHIO_01294	3454
IBPFAHIO_01295	610
IBPFAHIO_01296	2975
IBPFAHIO_01297	27
IBPFAHIO_01298	835
IBPFAHIO_01299	1343
IBPFAHIO_01300	622
IBPFAHIO_01301	85
IBPFAHIO_01302	314
IBPFAHIO_01303	6
IBPFAHIO_01304	127
IBPFAHIO_01305	4
IBPFAHIO_01306	7
IBPFAHIO_01307	6
IBPFAHIO_01308	104
IBPFAHIO_01309	0
IBPFAHIO_01310	62
IBPFAHIO_01311	1414
IBPFAHIO_01312	106
IBPFAHIO_01313	6
IBPFAHIO_01314	8
IBPFAHIO_01315	2
IBPFAHIO_01316	7
IBPFAHIO_01317	5
IBPFAHIO_01318	0
IBPFAHIO_01319	33
IBPFAHIO_01320	17
IBPFAHIO_01321	41
IBPFAHIO_01322	42
IBPFAHIO_01323	116
IBPFAHIO_01324	917
IBPFAHIO_01325	643
IBPFAHIO_01326	125
IBPFAHIO_01327	197
IBPFAHIO_01328	121
IBPFAHIO_01329	2499
IBPFAHIO_01330	84
IBPFAHIO_01331	210
IBPFAHIO_01332	11
IBPFAHIO_01333	7
IBPFAHIO_01334	115
IBPFAHIO_01335	24
IBPFAHIO_01336	149
IBPFAHIO_01337	1044
IBPFAHIO_01338	22
IBPFAHIO_01339	37
IBPFAHIO_01340	817
IBPFAHIO_01341	514
IBPFAHIO_01342	35
IBPFAHIO_01343	219
IBPFAHIO_01344	23
IBPFAHIO_01345	97
IBPFAHIO_01346	304
IBPFAHIO_01347	123
IBPFAHIO_01348	51
IBPFAHIO_01349	21
IBPFAHIO_01350	17
IBPFAHIO_01351	25
IBPFAHIO_01352	187
IBPFAHIO_01353	10
IBPFAHIO_01354	39
IBPFAHIO_01355	513
IBPFAHIO_01356	291
IBPFAHIO_01357	69
IBPFAHIO_01358	0
IBPFAHIO_01359	421
IBPFAHIO_01360	213
IBPFAHIO_01361	34913
IBPFAHIO_01362	56321
IBPFAHIO_01363	18747
IBPFAHIO_01364	1126
IBPFAHIO_01365	122
IBPFAHIO_01366	181
IBPFAHIO_01367	40
IBPFAHIO_01368	142
IBPFAHIO_01369	67
IBPFAHIO_01370	15
IBPFAHIO_01371	6
IBPFAHIO_01372	12
IBPFAHIO_01373	19
IBPFAHIO_01374	26
IBPFAHIO_01375	16
IBPFAHIO_01376	33
IBPFAHIO_01377	1325
IBPFAHIO_01378	72553
IBPFAHIO_01379	73160
IBPFAHIO_01380	512
IBPFAHIO_01381	216
IBPFAHIO_01382	368
IBPFAHIO_01383	1969
IBPFAHIO_01384	1771
IBPFAHIO_01385	11394
IBPFAHIO_01386	1923
IBPFAHIO_01387	867
IBPFAHIO_01388	836
IBPFAHIO_01389	6935
IBPFAHIO_01390	8276
IBPFAHIO_01391	1580
IBPFAHIO_01392	259
IBPFAHIO_01393	7962
IBPFAHIO_01394	6374
IBPFAHIO_01395	4471
IBPFAHIO_01396	9739
IBPFAHIO_01397	692
IBPFAHIO_01407	2725
IBPFAHIO_01408	1560
IBPFAHIO_01409	5468
IBPFAHIO_01410	16271
IBPFAHIO_01411	6721
IBPFAHIO_01412	11341
IBPFAHIO_01413	1041
IBPFAHIO_01414	4766
IBPFAHIO_01415	3733
IBPFAHIO_01416	2094
IBPFAHIO_01417	9018
IBPFAHIO_01418	1158
IBPFAHIO_01419	3211
IBPFAHIO_01420	127
IBPFAHIO_01421	6092
IBPFAHIO_01422	6487
IBPFAHIO_01423	2063
IBPFAHIO_01424	1073
IBPFAHIO_01425	10654
IBPFAHIO_01426	5179
IBPFAHIO_01427	1129
IBPFAHIO_01428	7221
IBPFAHIO_01429	18493
IBPFAHIO_01430	41578
IBPFAHIO_01431	13716
IBPFAHIO_01432	37338
IBPFAHIO_01433	10259
IBPFAHIO_01434	3
IBPFAHIO_01435	5136
IBPFAHIO_01436	2841
IBPFAHIO_01437	4296
IBPFAHIO_01438	11770
IBPFAHIO_01439	6432
IBPFAHIO_01440	11055
IBPFAHIO_01441	1848
IBPFAHIO_01442	1226
IBPFAHIO_01443	1140
IBPFAHIO_01444	550
IBPFAHIO_01445	685
IBPFAHIO_01446	13
IBPFAHIO_01447	277
IBPFAHIO_01448	1256
IBPFAHIO_01449	1201
IBPFAHIO_01450	56
IBPFAHIO_01451	108
IBPFAHIO_01452	7
IBPFAHIO_01453	150
IBPFAHIO_01454	515
IBPFAHIO_01455	508
IBPFAHIO_01456	42
IBPFAHIO_01457	18
IBPFAHIO_01458	51
IBPFAHIO_01459	144
IBPFAHIO_01460	51720
IBPFAHIO_01461	5024
IBPFAHIO_01462	1791
IBPFAHIO_01463	952
IBPFAHIO_01464	10959
IBPFAHIO_01465	8992
IBPFAHIO_01466	4188
IBPFAHIO_01467	37672
IBPFAHIO_01468	20288
IBPFAHIO_01469	10938
IBPFAHIO_01470	7892
IBPFAHIO_01471	9634
IBPFAHIO_01472	7822
IBPFAHIO_01473	6962
IBPFAHIO_01474	63500
IBPFAHIO_01475	6332
IBPFAHIO_01476	3242
IBPFAHIO_01477	61169
IBPFAHIO_01478	61966
IBPFAHIO_01479	146861
IBPFAHIO_01480	356164
IBPFAHIO_01481	11611
IBPFAHIO_01482	67364
IBPFAHIO_01483	28797
IBPFAHIO_01484	15820
IBPFAHIO_01485	52368
IBPFAHIO_01486	28788
IBPFAHIO_01487	30793
IBPFAHIO_01488	94993
IBPFAHIO_01489	43651
IBPFAHIO_01490	10953
IBPFAHIO_01491	58068
IBPFAHIO_01492	33191
IBPFAHIO_01493	70959
IBPFAHIO_01494	39399
IBPFAHIO_01495	25386
IBPFAHIO_01496	33568
IBPFAHIO_01497	47021
IBPFAHIO_01498	47240
IBPFAHIO_01499	62860
IBPFAHIO_01500	13201
IBPFAHIO_01501	52722
IBPFAHIO_01502	165011
IBPFAHIO_01503	50356
IBPFAHIO_01504	22193
IBPFAHIO_01505	20569
IBPFAHIO_01506	27933
IBPFAHIO_01507	23731
IBPFAHIO_01508	86669
IBPFAHIO_01509	102507
IBPFAHIO_01510	2930
IBPFAHIO_01511	3528
IBPFAHIO_01512	1508
IBPFAHIO_01513	1280
IBPFAHIO_01514	1379
IBPFAHIO_01515	242
IBPFAHIO_01516	155
IBPFAHIO_01517	28
IBPFAHIO_01518	64
IBPFAHIO_01519	54
IBPFAHIO_01520	89
IBPFAHIO_01521	53
IBPFAHIO_01522	4106
IBPFAHIO_01523	6419
IBPFAHIO_01524	2497
IBPFAHIO_01525	40256
IBPFAHIO_01526	7199
IBPFAHIO_01527	11475
IBPFAHIO_01528	9451
IBPFAHIO_01529	27
IBPFAHIO_01530	2746
IBPFAHIO_01531	3764
IBPFAHIO_01532	1822
IBPFAHIO_01533	1959
IBPFAHIO_01534	12795
IBPFAHIO_01535	2914
IBPFAHIO_01536	15912
IBPFAHIO_01537	2455
IBPFAHIO_01538	4822
IBPFAHIO_01539	7264
IBPFAHIO_01540	569
IBPFAHIO_01541	89
IBPFAHIO_01542	199
IBPFAHIO_01543	136
IBPFAHIO_01544	357
IBPFAHIO_01545	30
IBPFAHIO_01546	82
IBPFAHIO_01547	86
IBPFAHIO_01548	14
IBPFAHIO_01549	2444
IBPFAHIO_01550	1663
IBPFAHIO_01551	14
IBPFAHIO_01552	60
IBPFAHIO_01553	138
IBPFAHIO_01554	3
IBPFAHIO_01555	17407
IBPFAHIO_01556	390
IBPFAHIO_01557	559
IBPFAHIO_01558	1771
IBPFAHIO_01559	115
IBPFAHIO_01560	2243
IBPFAHIO_01561	998
IBPFAHIO_01562	546
IBPFAHIO_01563	46583
IBPFAHIO_01564	1126
IBPFAHIO_01565	1857
IBPFAHIO_01566	2153
IBPFAHIO_01567	1442
IBPFAHIO_01568	610
IBPFAHIO_01569	8254
IBPFAHIO_01570	6666
IBPFAHIO_01571	2704
IBPFAHIO_01572	2554
IBPFAHIO_01573	1290
IBPFAHIO_01574	1296
IBPFAHIO_01575	2894
IBPFAHIO_01576	5896
IBPFAHIO_01577	2094
IBPFAHIO_01578	4925
IBPFAHIO_01579	5494
IBPFAHIO_01580	29
IBPFAHIO_01581	2428
IBPFAHIO_01582	818
IBPFAHIO_01583	1151
IBPFAHIO_01584	4676
IBPFAHIO_01585	7548
IBPFAHIO_01586	1803
IBPFAHIO_01587	872
IBPFAHIO_01588	1044
IBPFAHIO_01589	1816
IBPFAHIO_01590	1709
IBPFAHIO_01591	1562
IBPFAHIO_01592	29348
IBPFAHIO_01593	22000
IBPFAHIO_01594	102
IBPFAHIO_01595	7672
IBPFAHIO_01596	1048
IBPFAHIO_01597	3046
IBPFAHIO_01598	953
IBPFAHIO_01599	2569
IBPFAHIO_01600	2121
IBPFAHIO_01601	814
IBPFAHIO_01602	5486
IBPFAHIO_01603	7
IBPFAHIO_01604	1
IBPFAHIO_01605	13
IBPFAHIO_01606	664
IBPFAHIO_01607	855
IBPFAHIO_01608	1386
IBPFAHIO_01609	621
IBPFAHIO_01610	711
IBPFAHIO_01611	58
IBPFAHIO_01612	7457
IBPFAHIO_01613	5112
IBPFAHIO_01614	28756
IBPFAHIO_01615	467
IBPFAHIO_01616	2702
IBPFAHIO_01617	612
IBPFAHIO_01618	132
IBPFAHIO_01619	888
IBPFAHIO_01620	8177
IBPFAHIO_01621	5845
IBPFAHIO_01622	428
IBPFAHIO_01623	651
IBPFAHIO_01624	32
IBPFAHIO_01625	48
IBPFAHIO_01626	161
IBPFAHIO_01627	456
IBPFAHIO_01628	146
IBPFAHIO_01629	726
IBPFAHIO_01630	12860
IBPFAHIO_01631	207
IBPFAHIO_01632	3926
IBPFAHIO_01633	8223
IBPFAHIO_01634	1873
IBPFAHIO_01635	13184
IBPFAHIO_01636	3
IBPFAHIO_01637	3305
IBPFAHIO_01638	62
IBPFAHIO_01639	761
IBPFAHIO_01640	88
IBPFAHIO_01641	41
IBPFAHIO_01642	25
IBPFAHIO_01643	24
IBPFAHIO_01644	27
IBPFAHIO_01645	325
IBPFAHIO_01646	508
IBPFAHIO_01647	453
IBPFAHIO_01648	348
IBPFAHIO_01649	3
IBPFAHIO_01650	580
IBPFAHIO_01651	5061
IBPFAHIO_01652	3189
IBPFAHIO_01653	1638
IBPFAHIO_01654	2667
IBPFAHIO_01655	2259
IBPFAHIO_01656	893
IBPFAHIO_01657	538
IBPFAHIO_01658	59370
IBPFAHIO_01659	12195
IBPFAHIO_01660	22052
IBPFAHIO_01661	95
IBPFAHIO_01662	164
IBPFAHIO_01663	10
IBPFAHIO_01664	449
IBPFAHIO_01665	82
IBPFAHIO_01666	356
IBPFAHIO_01667	590
IBPFAHIO_01668	16851
IBPFAHIO_01669	26
IBPFAHIO_01670	36
IBPFAHIO_01671	3611
IBPFAHIO_01672	258
IBPFAHIO_01673	3360
IBPFAHIO_01674	1339
IBPFAHIO_01675	2733
IBPFAHIO_01676	8482
IBPFAHIO_01677	7093
IBPFAHIO_01678	475
IBPFAHIO_01679	18
IBPFAHIO_01680	8
IBPFAHIO_01681	1322
IBPFAHIO_01682	203
IBPFAHIO_01683	2166
IBPFAHIO_01684	210
IBPFAHIO_01685	143
IBPFAHIO_01686	0
IBPFAHIO_01687	59
IBPFAHIO_01688	4
IBPFAHIO_01689	1
IBPFAHIO_01690	4
IBPFAHIO_01691	5
IBPFAHIO_01692	1
IBPFAHIO_01693	20
IBPFAHIO_01694	111
IBPFAHIO_01695	1330
IBPFAHIO_01696	1987
IBPFAHIO_01697	88
IBPFAHIO_01698	25
IBPFAHIO_01699	30
IBPFAHIO_01700	108
IBPFAHIO_01701	248
IBPFAHIO_01702	2283
IBPFAHIO_01703	866
IBPFAHIO_01704	224
IBPFAHIO_01705	443
IBPFAHIO_01706	4385
IBPFAHIO_01707	86
IBPFAHIO_01708	84
IBPFAHIO_01709	32
IBPFAHIO_01710	148
IBPFAHIO_01711	249
IBPFAHIO_01712	215
IBPFAHIO_01713	12
IBPFAHIO_01714	68
IBPFAHIO_01715	413
IBPFAHIO_01716	455
IBPFAHIO_01717	1200
IBPFAHIO_01718	354
IBPFAHIO_01719	161
IBPFAHIO_01720	20
IBPFAHIO_01721	12
IBPFAHIO_01722	2
IBPFAHIO_01723	490
IBPFAHIO_01724	384
IBPFAHIO_01725	1595
IBPFAHIO_01726	62
IBPFAHIO_01727	94
IBPFAHIO_01728	1433
IBPFAHIO_01729	4324
IBPFAHIO_01730	237
IBPFAHIO_01731	665
IBPFAHIO_01732	543
IBPFAHIO_01733	882
IBPFAHIO_01734	501
IBPFAHIO_01735	322
IBPFAHIO_01736	216
IBPFAHIO_01737	52
IBPFAHIO_01738	13
IBPFAHIO_01739	2243
IBPFAHIO_01740	693
IBPFAHIO_01741	52
IBPFAHIO_01742	121
IBPFAHIO_01743	100
IBPFAHIO_01744	335
IBPFAHIO_01745	1413
IBPFAHIO_01746	588
IBPFAHIO_01747	284
IBPFAHIO_01748	1023
IBPFAHIO_01749	1117
IBPFAHIO_01750	1144
IBPFAHIO_01751	652
IBPFAHIO_01752	630
IBPFAHIO_01753	191
IBPFAHIO_01754	453
IBPFAHIO_01755	179
IBPFAHIO_01756	460
IBPFAHIO_01757	134
IBPFAHIO_01758	5
IBPFAHIO_01759	1
IBPFAHIO_01760	348
IBPFAHIO_01761	1465
IBPFAHIO_01762	11207
IBPFAHIO_01763	10527
IBPFAHIO_01764	3574
IBPFAHIO_01765	395
IBPFAHIO_01766	360
IBPFAHIO_01767	2531
IBPFAHIO_01768	369
IBPFAHIO_01769	66
IBPFAHIO_01770	258
IBPFAHIO_01771	521
IBPFAHIO_01772	90
IBPFAHIO_01773	2312
IBPFAHIO_01774	156
IBPFAHIO_01775	464
IBPFAHIO_01776	73
IBPFAHIO_01777	172
IBPFAHIO_01778	404
IBPFAHIO_01779	763
IBPFAHIO_01780	1818
IBPFAHIO_01781	3125
IBPFAHIO_01782	99
IBPFAHIO_01783	77
IBPFAHIO_01784	154
IBPFAHIO_01785	305
IBPFAHIO_01786	193
IBPFAHIO_01787	2734
IBPFAHIO_01788	279
IBPFAHIO_01789	952
IBPFAHIO_01790	822
IBPFAHIO_01791	239
IBPFAHIO_01792	423
IBPFAHIO_01793	616
IBPFAHIO_01794	1948
IBPFAHIO_01795	1355
IBPFAHIO_01796	1150
IBPFAHIO_01797	1214
IBPFAHIO_01798	2685
IBPFAHIO_01799	6985
IBPFAHIO_01800	614
IBPFAHIO_01801	8673
IBPFAHIO_01802	23
IBPFAHIO_01803	34
IBPFAHIO_01804	1288
IBPFAHIO_01805	1956
IBPFAHIO_01806	509
IBPFAHIO_01807	178
IBPFAHIO_01808	1108
IBPFAHIO_01809	5231
IBPFAHIO_01810	415
IBPFAHIO_01811	409
IBPFAHIO_01812	1095
IBPFAHIO_01813	1442
IBPFAHIO_01814	433
IBPFAHIO_01815	4930
IBPFAHIO_01816	849
IBPFAHIO_01817	4307
IBPFAHIO_01818	1123
IBPFAHIO_01819	3141
IBPFAHIO_01820	277
IBPFAHIO_01821	84
IBPFAHIO_01822	155
IBPFAHIO_01823	8932
IBPFAHIO_01824	9224
IBPFAHIO_01825	6729
IBPFAHIO_01826	10445
IBPFAHIO_01827	701
IBPFAHIO_01828	610
IBPFAHIO_01829	562
IBPFAHIO_01830	448
IBPFAHIO_01831	704
IBPFAHIO_01832	957
IBPFAHIO_01833	1681
IBPFAHIO_01834	886
IBPFAHIO_01835	1725
IBPFAHIO_01836	3166
IBPFAHIO_01837	1
IBPFAHIO_01838	19
IBPFAHIO_01839	582
IBPFAHIO_01840	512
IBPFAHIO_01841	1543
IBPFAHIO_01842	304
IBPFAHIO_01843	266
IBPFAHIO_01844	1638
IBPFAHIO_01845	276
IBPFAHIO_01846	634
IBPFAHIO_01847	197
IBPFAHIO_01848	2274
IBPFAHIO_01849	1902
IBPFAHIO_01850	927
IBPFAHIO_01851	738
IBPFAHIO_01852	2793
IBPFAHIO_01853	1878
IBPFAHIO_01854	4133
IBPFAHIO_01855	8493
IBPFAHIO_01856	511
IBPFAHIO_01857	1364
IBPFAHIO_01858	427
IBPFAHIO_01859	759
IBPFAHIO_01860	969
IBPFAHIO_01861	1450
IBPFAHIO_01862	90
IBPFAHIO_01863	1312
IBPFAHIO_01864	246
IBPFAHIO_01865	152
IBPFAHIO_01866	1260
IBPFAHIO_01867	247
IBPFAHIO_01868	81
IBPFAHIO_01869	31
IBPFAHIO_01870	830
IBPFAHIO_01871	466
IBPFAHIO_01872	22
IBPFAHIO_01873	43
IBPFAHIO_01874	88
IBPFAHIO_01875	231
IBPFAHIO_01876	68
IBPFAHIO_01877	54
IBPFAHIO_01878	51
IBPFAHIO_01879	95
IBPFAHIO_01880	11
IBPFAHIO_01881	105
IBPFAHIO_01882	7
IBPFAHIO_01883	7
IBPFAHIO_01884	35
IBPFAHIO_01885	13
IBPFAHIO_01886	2285
IBPFAHIO_01887	2277
IBPFAHIO_01888	9957
IBPFAHIO_01889	8979
IBPFAHIO_01890	4863
IBPFAHIO_01891	2466
IBPFAHIO_01892	2283
IBPFAHIO_01893	567
IBPFAHIO_01894	3116
IBPFAHIO_01895	2159
IBPFAHIO_01896	157
IBPFAHIO_01897	6869
IBPFAHIO_01898	2171
IBPFAHIO_01899	7853
IBPFAHIO_01900	3075
IBPFAHIO_01901	1852
IBPFAHIO_01902	424
IBPFAHIO_01903	290
IBPFAHIO_01904	5920
IBPFAHIO_01905	105
IBPFAHIO_01906	127
IBPFAHIO_01907	143
IBPFAHIO_01908	987
IBPFAHIO_01909	1369
IBPFAHIO_01910	6101
IBPFAHIO_01911	1944
IBPFAHIO_01912	803
IBPFAHIO_01913	1238
IBPFAHIO_01914	138
IBPFAHIO_01915	1199
IBPFAHIO_01916	9395
IBPFAHIO_01917	1257
IBPFAHIO_01918	2866
IBPFAHIO_01919	2061
IBPFAHIO_01920	2380
IBPFAHIO_01921	3356
IBPFAHIO_01922	1951
IBPFAHIO_01923	4518
IBPFAHIO_01924	2142
IBPFAHIO_01925	1750
IBPFAHIO_01926	6190
IBPFAHIO_01927	837
IBPFAHIO_01928	401
IBPFAHIO_01929	145
IBPFAHIO_01930	499
IBPFAHIO_01931	345
IBPFAHIO_01932	11
IBPFAHIO_01933	68
IBPFAHIO_01934	21
IBPFAHIO_01935	66
IBPFAHIO_01936	2107
IBPFAHIO_01937	2229
IBPFAHIO_01938	1642
IBPFAHIO_01939	6133
IBPFAHIO_01940	0
IBPFAHIO_01941	287
IBPFAHIO_01942	92
IBPFAHIO_01943	47
IBPFAHIO_01944	119
IBPFAHIO_01945	14409
IBPFAHIO_01946	96
IBPFAHIO_01947	1359
IBPFAHIO_01948	107
IBPFAHIO_01949	6
IBPFAHIO_01950	17
IBPFAHIO_01951	115
IBPFAHIO_01952	338
IBPFAHIO_01953	267
IBPFAHIO_01954	31
IBPFAHIO_01955	523
IBPFAHIO_01956	1329
IBPFAHIO_01957	966
IBPFAHIO_01958	2
IBPFAHIO_01959	156
IBPFAHIO_01960	372
IBPFAHIO_01961	508
IBPFAHIO_01962	629
IBPFAHIO_01963	134
IBPFAHIO_01964	3968
IBPFAHIO_01965	5348
IBPFAHIO_01966	6840
IBPFAHIO_01967	698
IBPFAHIO_01968	1453
IBPFAHIO_01969	633
IBPFAHIO_01970	692
IBPFAHIO_01971	1107
IBPFAHIO_01972	1614
IBPFAHIO_01973	92
IBPFAHIO_01974	1012
IBPFAHIO_01975	3944
IBPFAHIO_01976	5930
IBPFAHIO_01977	1547
IBPFAHIO_01978	113
IBPFAHIO_01979	45
IBPFAHIO_01980	123
IBPFAHIO_01981	125
IBPFAHIO_01982	1707
IBPFAHIO_01983	663
IBPFAHIO_01984	189
IBPFAHIO_01985	635
IBPFAHIO_01986	4959
IBPFAHIO_01987	587
IBPFAHIO_01988	815
IBPFAHIO_01989	1197
IBPFAHIO_01990	98
IBPFAHIO_01991	301
IBPFAHIO_01992	864
IBPFAHIO_01993	1602
IBPFAHIO_01994	4955
IBPFAHIO_01995	1015
IBPFAHIO_01996	1685
IBPFAHIO_01997	181
IBPFAHIO_01998	4426
IBPFAHIO_01999	4822
IBPFAHIO_02000	2607
IBPFAHIO_02001	1723
IBPFAHIO_02002	2561
IBPFAHIO_02003	546
IBPFAHIO_02004	1342
IBPFAHIO_02005	1493
IBPFAHIO_02006	5276
IBPFAHIO_02007	529
IBPFAHIO_02008	2718
IBPFAHIO_02009	551
IBPFAHIO_02010	7127
IBPFAHIO_02011	539
IBPFAHIO_02012	779
IBPFAHIO_02013	685
IBPFAHIO_02014	1041
IBPFAHIO_02015	630
IBPFAHIO_02016	6613
IBPFAHIO_02017	38
IBPFAHIO_02018	112
IBPFAHIO_02019	800
IBPFAHIO_02020	438
IBPFAHIO_02021	989
IBPFAHIO_02022	1894
IBPFAHIO_02023	1001
IBPFAHIO_02024	460
IBPFAHIO_02025	766
IBPFAHIO_02026	1248
IBPFAHIO_02027	799
IBPFAHIO_02028	628
IBPFAHIO_02029	1544
IBPFAHIO_02030	732
IBPFAHIO_02031	1068
IBPFAHIO_02032	2408
IBPFAHIO_02033	8521
IBPFAHIO_02034	181
IBPFAHIO_02035	81
IBPFAHIO_02036	133
IBPFAHIO_02037	136
IBPFAHIO_02038	291
IBPFAHIO_02039	256
IBPFAHIO_02040	263
IBPFAHIO_02041	439
IBPFAHIO_02042	67
IBPFAHIO_02043	178
IBPFAHIO_02044	37
IBPFAHIO_02045	560
IBPFAHIO_02046	1831
IBPFAHIO_02047	4
IBPFAHIO_02048	8984
IBPFAHIO_02049	39846
IBPFAHIO_02050	359
IBPFAHIO_02051	7893
IBPFAHIO_02052	200965
IBPFAHIO_02053	5933
IBPFAHIO_02054	2972
IBPFAHIO_02055	24373
IBPFAHIO_02056	10
IBPFAHIO_02057	31
IBPFAHIO_02058	32
IBPFAHIO_02059	82
IBPFAHIO_02060	500
IBPFAHIO_02061	390
IBPFAHIO_02062	45
IBPFAHIO_02063	657
IBPFAHIO_02064	2811
IBPFAHIO_02065	2396
IBPFAHIO_02066	2864
IBPFAHIO_02067	8346
IBPFAHIO_02068	1288
IBPFAHIO_02069	4733
IBPFAHIO_02070	5621
IBPFAHIO_02071	1508
IBPFAHIO_02072	3395
IBPFAHIO_02073	5661
IBPFAHIO_02074	793
IBPFAHIO_02075	1315
IBPFAHIO_02076	1119
IBPFAHIO_02077	1539
IBPFAHIO_02078	8617
IBPFAHIO_02079	623
IBPFAHIO_02080	2788
IBPFAHIO_02081	2587
IBPFAHIO_02082	3177
IBPFAHIO_02083	1271
IBPFAHIO_02084	2003
IBPFAHIO_02085	1248
IBPFAHIO_02086	3442
IBPFAHIO_02087	2496
IBPFAHIO_02088	2273
IBPFAHIO_02089	4155
IBPFAHIO_02090	1675
IBPFAHIO_02091	187
IBPFAHIO_02092	2603
IBPFAHIO_02094	191
IBPFAHIO_02095	5224
IBPFAHIO_02096	337
IBPFAHIO_02097	64451
IBPFAHIO_02098	21938
IBPFAHIO_02099	70037
IBPFAHIO_02100	7685
IBPFAHIO_02101	5305
IBPFAHIO_02102	12589
IBPFAHIO_02103	5445
IBPFAHIO_02104	5492
IBPFAHIO_02105	398
IBPFAHIO_02106	836
IBPFAHIO_02107	6536
IBPFAHIO_02108	10363
IBPFAHIO_02109	3260
IBPFAHIO_02110	1810
IBPFAHIO_02111	2695
IBPFAHIO_02112	371
IBPFAHIO_02113	1909
IBPFAHIO_02114	2280
IBPFAHIO_02115	1697
IBPFAHIO_02116	8894
IBPFAHIO_02117	85
IBPFAHIO_02118	512
IBPFAHIO_02119	122
IBPFAHIO_02120	3729
IBPFAHIO_02121	7133
IBPFAHIO_02122	941
IBPFAHIO_02123	14259
IBPFAHIO_02124	5147
IBPFAHIO_02125	4276
IBPFAHIO_02126	3742
IBPFAHIO_02127	7601
IBPFAHIO_02128	29201
IBPFAHIO_02129	21037
IBPFAHIO_02130	4533
IBPFAHIO_02131	9847
IBPFAHIO_02132	15804
IBPFAHIO_02133	18441
IBPFAHIO_02134	13826
IBPFAHIO_02135	6278
IBPFAHIO_02136	1556
IBPFAHIO_02137	342
IBPFAHIO_02138	1660
IBPFAHIO_02139	2328
IBPFAHIO_02140	3522
IBPFAHIO_02141	2206
IBPFAHIO_02142	80
IBPFAHIO_02143	129
IBPFAHIO_02144	191
IBPFAHIO_02145	7
IBPFAHIO_02146	2
IBPFAHIO_02147	6
IBPFAHIO_02148	326
IBPFAHIO_02149	259
IBPFAHIO_02151	560
IBPFAHIO_02152	134
IBPFAHIO_02153	670
IBPFAHIO_02154	1165
IBPFAHIO_02155	375
IBPFAHIO_02156	458
IBPFAHIO_02157	1140
IBPFAHIO_02158	104
IBPFAHIO_02159	12
IBPFAHIO_02160	42
IBPFAHIO_02161	13
IBPFAHIO_02162	206
IBPFAHIO_02163	139
IBPFAHIO_02164	39
IBPFAHIO_02165	0
IBPFAHIO_02166	72
IBPFAHIO_02167	23
IBPFAHIO_02168	6
IBPFAHIO_02169	7
IBPFAHIO_02170	38
IBPFAHIO_02171	13
IBPFAHIO_02172	28
IBPFAHIO_02173	16
IBPFAHIO_02174	0
IBPFAHIO_02175	0
IBPFAHIO_02176	0
IBPFAHIO_02177	0
IBPFAHIO_02178	0
IBPFAHIO_02179	0
IBPFAHIO_02180	18
IBPFAHIO_02181	6
IBPFAHIO_02182	17
IBPFAHIO_02183	23
IBPFAHIO_02184	15
IBPFAHIO_02185	94
IBPFAHIO_02186	31
IBPFAHIO_02187	3
IBPFAHIO_02188	48
IBPFAHIO_02189	13
IBPFAHIO_02190	2
IBPFAHIO_02191	2
IBPFAHIO_02192	0
IBPFAHIO_02193	5
IBPFAHIO_02194	23
IBPFAHIO_02195	2
IBPFAHIO_02196	82
IBPFAHIO_02197	1
IBPFAHIO_02198	14
IBPFAHIO_02199	73
IBPFAHIO_02200	144
IBPFAHIO_02201	96
IBPFAHIO_02202	0
IBPFAHIO_02203	0
IBPFAHIO_02204	0
IBPFAHIO_02205	0
IBPFAHIO_02206	0
IBPFAHIO_02208	0
IBPFAHIO_02209	0
IBPFAHIO_02210	0
IBPFAHIO_02211	0
IBPFAHIO_02212	0
IBPFAHIO_02213	0
IBPFAHIO_02214	46
IBPFAHIO_02215	70
IBPFAHIO_02216	0
IBPFAHIO_02217	31
IBPFAHIO_02218	221
IBPFAHIO_02219	421
IBPFAHIO_02220	440
IBPFAHIO_02221	5912
IBPFAHIO_02222	5652
IBPFAHIO_02223	327
IBPFAHIO_02224	58
IBPFAHIO_02225	39
IBPFAHIO_02226	49
IBPFAHIO_02227	36
IBPFAHIO_02228	13
IBPFAHIO_02229	194
IBPFAHIO_02230	123
IBPFAHIO_02231	924
IBPFAHIO_02232	147
IBPFAHIO_02233	46
IBPFAHIO_02234	3
IBPFAHIO_02235	51
IBPFAHIO_02236	271
IBPFAHIO_02237	1683
IBPFAHIO_02238	1355
IBPFAHIO_02239	66
IBPFAHIO_02240	1070
IBPFAHIO_02241	769
IBPFAHIO_02242	1730
IBPFAHIO_02243	3886
IBPFAHIO_02244	116
IBPFAHIO_02245	511
IBPFAHIO_02246	922
IBPFAHIO_02247	37
IBPFAHIO_02248	1546
IBPFAHIO_02249	2912
IBPFAHIO_02250	611
IBPFAHIO_02251	4499
IBPFAHIO_02252	49
IBPFAHIO_02253	238
IBPFAHIO_02254	223
IBPFAHIO_02255	108
IBPFAHIO_02256	49
IBPFAHIO_02257	41
IBPFAHIO_02258	4
IBPFAHIO_02259	2
IBPFAHIO_02260	36
IBPFAHIO_02261	1743
IBPFAHIO_02262	3246
IBPFAHIO_02263	601
IBPFAHIO_02264	412
IBPFAHIO_02265	2032
IBPFAHIO_02266	2303
IBPFAHIO_02267	495
IBPFAHIO_02268	69
IBPFAHIO_02269	1632
IBPFAHIO_02270	44
IBPFAHIO_02271	64
IBPFAHIO_02272	2277
IBPFAHIO_02273	6649
IBPFAHIO_02274	1668
IBPFAHIO_02275	2809
IBPFAHIO_02276	243
IBPFAHIO_02277	6039
IBPFAHIO_02278	1698
IBPFAHIO_02279	3403
IBPFAHIO_02280	353
IBPFAHIO_02282	483
IBPFAHIO_02283	146
IBPFAHIO_02284	270
IBPFAHIO_02285	6898
IBPFAHIO_02286	296
IBPFAHIO_02287	266
IBPFAHIO_02288	225
IBPFAHIO_02289	888
IBPFAHIO_02290	1831
IBPFAHIO_02291	7599
IBPFAHIO_02292	3563
IBPFAHIO_02293	455
IBPFAHIO_02294	221
IBPFAHIO_02295	1148
IBPFAHIO_02296	88
IBPFAHIO_02297	129
IBPFAHIO_02298	151
IBPFAHIO_02299	417
IBPFAHIO_02300	401
IBPFAHIO_02301	587
IBPFAHIO_02302	2265
IBPFAHIO_02303	202
IBPFAHIO_02304	20687
IBPFAHIO_02305	519
IBPFAHIO_02306	2300
IBPFAHIO_02307	1187
IBPFAHIO_02308	1149
IBPFAHIO_02309	2653
IBPFAHIO_02310	467
IBPFAHIO_02311	464
IBPFAHIO_02312	158
IBPFAHIO_02313	13198
IBPFAHIO_02314	1981
IBPFAHIO_02315	2129
IBPFAHIO_02316	12
IBPFAHIO_02317	120
IBPFAHIO_02318	0
IBPFAHIO_02319	11
IBPFAHIO_02320	2
IBPFAHIO_02321	10
IBPFAHIO_02322	58
IBPFAHIO_02323	64
IBPFAHIO_02324	3123
IBPFAHIO_02325	2
IBPFAHIO_02326	3546
IBPFAHIO_02327	702
IBPFAHIO_02328	106
IBPFAHIO_02329	10279
IBPFAHIO_02330	6646
IBPFAHIO_02331	2536
IBPFAHIO_02332	24
IBPFAHIO_02333	26
IBPFAHIO_02334	13203
IBPFAHIO_02335	89
IBPFAHIO_02336	1335
IBPFAHIO_02337	1292
IBPFAHIO_02338	1754
IBPFAHIO_02339	4563
IBPFAHIO_02340	5468
IBPFAHIO_02341	156
IBPFAHIO_02342	95
IBPFAHIO_02343	1972
IBPFAHIO_02344	1033
IBPFAHIO_02345	238
IBPFAHIO_02346	1030
IBPFAHIO_02347	45
IBPFAHIO_02348	1124
IBPFAHIO_02349	2703
IBPFAHIO_02350	2796
IBPFAHIO_02351	933
IBPFAHIO_02352	495
IBPFAHIO_02353	559
IBPFAHIO_02354	8053
IBPFAHIO_02355	1091
IBPFAHIO_02356	934
IBPFAHIO_02357	2091
IBPFAHIO_02359	3
IBPFAHIO_02360	0
IBPFAHIO_02361	116
IBPFAHIO_02362	67
IBPFAHIO_02365	165
IBPFAHIO_02366	2045
IBPFAHIO_02367	395
IBPFAHIO_02368	1018
IBPFAHIO_02369	2063
IBPFAHIO_02370	817
IBPFAHIO_02371	980
IBPFAHIO_02372	894
IBPFAHIO_02373	32174
IBPFAHIO_02374	2634
IBPFAHIO_02375	707
IBPFAHIO_02376	3166
IBPFAHIO_02377	129
IBPFAHIO_02378	19485
IBPFAHIO_02379	2529
IBPFAHIO_02380	1039
IBPFAHIO_02381	360
IBPFAHIO_02382	37105
IBPFAHIO_02383	12170
IBPFAHIO_02384	2037
IBPFAHIO_02385	1911
IBPFAHIO_02386	2947
IBPFAHIO_02387	586
IBPFAHIO_02388	569
IBPFAHIO_02389	4169
IBPFAHIO_02390	1241
IBPFAHIO_02391	1052
IBPFAHIO_02392	1229
IBPFAHIO_02393	1712
IBPFAHIO_02394	17
IBPFAHIO_02395	96
IBPFAHIO_02396	391
IBPFAHIO_02397	75
IBPFAHIO_02398	23
IBPFAHIO_02399	14
IBPFAHIO_02400	28
IBPFAHIO_02401	93
IBPFAHIO_02402	97
IBPFAHIO_02403	164
IBPFAHIO_02404	3092
IBPFAHIO_02405	3398
IBPFAHIO_02406	75
IBPFAHIO_02407	84
IBPFAHIO_02408	101
IBPFAHIO_02409	10
IBPFAHIO_02410	181
IBPFAHIO_02411	367
IBPFAHIO_02412	197
IBPFAHIO_02413	551
IBPFAHIO_02415	3263
IBPFAHIO_02416	2576
IBPFAHIO_02417	5083
IBPFAHIO_02418	7405
IBPFAHIO_02419	1548
IBPFAHIO_02420	883
IBPFAHIO_02421	10
IBPFAHIO_02422	11
IBPFAHIO_02423	2
IBPFAHIO_02424	7
IBPFAHIO_02425	7
IBPFAHIO_02426	19
IBPFAHIO_02427	68
IBPFAHIO_02428	174
IBPFAHIO_02429	64
IBPFAHIO_02430	43
IBPFAHIO_02431	3
IBPFAHIO_02432	23
IBPFAHIO_02433	4
IBPFAHIO_02434	52
IBPFAHIO_02435	317
IBPFAHIO_02436	97
IBPFAHIO_02437	4
IBPFAHIO_02438	2921
IBPFAHIO_02439	198
IBPFAHIO_02440	365
IBPFAHIO_02441	40
IBPFAHIO_02442	33
IBPFAHIO_02443	190
IBPFAHIO_02444	172
IBPFAHIO_02445	6
IBPFAHIO_02446	12
IBPFAHIO_02447	9
IBPFAHIO_02448	271
IBPFAHIO_02449	391
IBPFAHIO_02450	339
IBPFAHIO_02451	495
IBPFAHIO_02452	379
IBPFAHIO_02453	857
IBPFAHIO_02454	114
IBPFAHIO_02455	691
IBPFAHIO_02456	1231
IBPFAHIO_02457	705
IBPFAHIO_02458	13689
IBPFAHIO_02459	2117
IBPFAHIO_02460	2152
IBPFAHIO_02461	2129
IBPFAHIO_02462	3175
IBPFAHIO_02463	2070
IBPFAHIO_02464	1143
IBPFAHIO_02465	1888
IBPFAHIO_02466	8127
IBPFAHIO_02467	811
IBPFAHIO_02468	1790
IBPFAHIO_02469	4952
IBPFAHIO_02470	1382
IBPFAHIO_02471	11457
IBPFAHIO_02472	12366
IBPFAHIO_02473	5933
IBPFAHIO_02474	6364
IBPFAHIO_02475	180
IBPFAHIO_02476	163
IBPFAHIO_02477	208
IBPFAHIO_02478	1759
IBPFAHIO_02479	364
IBPFAHIO_02480	2284
IBPFAHIO_02481	1727
IBPFAHIO_02482	420
IBPFAHIO_02483	602
IBPFAHIO_02484	20964
IBPFAHIO_02485	100
IBPFAHIO_02486	265
IBPFAHIO_02487	382
IBPFAHIO_02489	632
IBPFAHIO_02490	7541
IBPFAHIO_02491	148595
IBPFAHIO_02492	68739
IBPFAHIO_02493	71573
IBPFAHIO_02494	108055
IBPFAHIO_02495	0
IBPFAHIO_02496	0
IBPFAHIO_02497	5
IBPFAHIO_02498	1285
IBPFAHIO_02499	3416
IBPFAHIO_02500	10299
IBPFAHIO_02501	1035
IBPFAHIO_02502	765
IBPFAHIO_02503	1561
IBPFAHIO_02504	785
IBPFAHIO_02505	7587
IBPFAHIO_02506	1078
IBPFAHIO_02507	5706
IBPFAHIO_02508	1878
IBPFAHIO_02509	5222
IBPFAHIO_02510	3155
IBPFAHIO_02511	19186
IBPFAHIO_02512	13509
IBPFAHIO_02513	16174
IBPFAHIO_02514	7196
IBPFAHIO_02515	1315
IBPFAHIO_02516	15784
IBPFAHIO_02517	832
IBPFAHIO_02518	453
IBPFAHIO_02519	410
IBPFAHIO_02520	168
IBPFAHIO_02521	632
IBPFAHIO_02524	1025
IBPFAHIO_02525	760
IBPFAHIO_02526	464
IBPFAHIO_02527	155
IBPFAHIO_02528	404
IBPFAHIO_02529	89
IBPFAHIO_02530	91
IBPFAHIO_02531	7980
IBPFAHIO_02532	15428
IBPFAHIO_02533	3405
IBPFAHIO_02534	3737
IBPFAHIO_02535	3265
IBPFAHIO_02536	1299
IBPFAHIO_02537	1175
IBPFAHIO_02538	1454
IBPFAHIO_02539	911
IBPFAHIO_02540	2134
IBPFAHIO_02541	2058
IBPFAHIO_02542	2523
IBPFAHIO_02543	250
IBPFAHIO_02544	104
IBPFAHIO_02545	8178
IBPFAHIO_02546	1623
IBPFAHIO_02547	163
IBPFAHIO_02548	1
IBPFAHIO_02549	2219
IBPFAHIO_02550	1265
IBPFAHIO_02551	4511
IBPFAHIO_02552	5282
IBPFAHIO_02553	752
IBPFAHIO_02554	5816
IBPFAHIO_02555	4139
IBPFAHIO_02556	14208
IBPFAHIO_02557	9092
IBPFAHIO_02558	3621
IBPFAHIO_02559	1
IBPFAHIO_02560	444
IBPFAHIO_02561	3993
IBPFAHIO_02562	1794
IBPFAHIO_02563	1011
IBPFAHIO_02564	1011
IBPFAHIO_02565	28
IBPFAHIO_02566	125
IBPFAHIO_02567	93
IBPFAHIO_02568	233
IBPFAHIO_02569	343
IBPFAHIO_02570	4497
IBPFAHIO_02571	14339
IBPFAHIO_02572	444
IBPFAHIO_02573	613
IBPFAHIO_02574	662
IBPFAHIO_02575	46776
IBPFAHIO_02576	32704
IBPFAHIO_02577	197
IBPFAHIO_02578	2557
IBPFAHIO_02579	8094
IBPFAHIO_02580	1319
IBPFAHIO_02581	901
IBPFAHIO_02582	6587
IBPFAHIO_02583	988
IBPFAHIO_02584	3023
IBPFAHIO_02585	12688
IBPFAHIO_02586	1258
IBPFAHIO_02587	3314
IBPFAHIO_02588	2058
IBPFAHIO_02589	1595
IBPFAHIO_02590	1190
IBPFAHIO_02591	2296
IBPFAHIO_02592	1399
IBPFAHIO_02593	1040
IBPFAHIO_02594	2818
IBPFAHIO_02595	1555
IBPFAHIO_02596	1480
IBPFAHIO_02597	682
IBPFAHIO_02598	1302
IBPFAHIO_02599	763
IBPFAHIO_02600	1169
IBPFAHIO_02601	681
IBPFAHIO_02602	677
IBPFAHIO_02603	908
IBPFAHIO_02604	12
IBPFAHIO_02605	788
IBPFAHIO_02606	1225
IBPFAHIO_02607	16
IBPFAHIO_02608	13
IBPFAHIO_02609	17
IBPFAHIO_02610	4
IBPFAHIO_02611	18
IBPFAHIO_02612	5820
IBPFAHIO_02613	432
IBPFAHIO_02614	882
IBPFAHIO_02615	2833
IBPFAHIO_02616	5171
IBPFAHIO_02617	644
IBPFAHIO_02618	1215
IBPFAHIO_02619	7502
IBPFAHIO_02620	28
IBPFAHIO_02621	2094
IBPFAHIO_02622	39
IBPFAHIO_02623	109
IBPFAHIO_02624	15639
IBPFAHIO_02625	3233
IBPFAHIO_02626	1762
IBPFAHIO_02627	6868
IBPFAHIO_02628	8937
IBPFAHIO_02629	473
IBPFAHIO_02630	305
IBPFAHIO_02631	99
IBPFAHIO_02632	1118
IBPFAHIO_02633	8560
IBPFAHIO_02634	2
IBPFAHIO_02635	26
IBPFAHIO_02636	391
IBPFAHIO_02637	125
IBPFAHIO_02638	1616
IBPFAHIO_02639	1962
IBPFAHIO_02640	37
IBPFAHIO_02641	88
IBPFAHIO_02642	11
IBPFAHIO_02643	4
IBPFAHIO_02644	24
IBPFAHIO_02645	40
IBPFAHIO_02646	16
IBPFAHIO_02647	1960
IBPFAHIO_02648	107
IBPFAHIO_02649	97
IBPFAHIO_02650	0
IBPFAHIO_02651	0
IBPFAHIO_02652	2
IBPFAHIO_02653	1
IBPFAHIO_02654	0
IBPFAHIO_02655	270
IBPFAHIO_02656	110
IBPFAHIO_02657	8
IBPFAHIO_02658	3275
IBPFAHIO_02659	12
IBPFAHIO_02660	16
IBPFAHIO_02661	54
IBPFAHIO_02662	220
IBPFAHIO_02663	535
IBPFAHIO_02664	294
IBPFAHIO_02665	0
IBPFAHIO_02666	67
IBPFAHIO_02667	917
IBPFAHIO_02668	2681
IBPFAHIO_02669	859
IBPFAHIO_02670	1639
IBPFAHIO_02671	830
IBPFAHIO_02672	5291
IBPFAHIO_02673	461
IBPFAHIO_02674	452
IBPFAHIO_02675	612
IBPFAHIO_02676	17098
IBPFAHIO_02677	4356
IBPFAHIO_02678	380
IBPFAHIO_02679	998
IBPFAHIO_02680	2869
IBPFAHIO_02681	15168
IBPFAHIO_02682	292
IBPFAHIO_02683	21
IBPFAHIO_02684	2
IBPFAHIO_02685	1
IBPFAHIO_02686	0
IBPFAHIO_02687	38
IBPFAHIO_02688	0
IBPFAHIO_02689	57
IBPFAHIO_02690	9
IBPFAHIO_02691	0
IBPFAHIO_02692	1
IBPFAHIO_02693	1
IBPFAHIO_02694	0
IBPFAHIO_02695	3
IBPFAHIO_02696	1016
IBPFAHIO_02697	383
IBPFAHIO_02698	9
IBPFAHIO_02699	39
IBPFAHIO_02700	0
IBPFAHIO_02701	32
IBPFAHIO_02702	18
IBPFAHIO_02703	17
IBPFAHIO_02704	39
IBPFAHIO_02705	122
IBPFAHIO_02706	56
IBPFAHIO_02707	71
IBPFAHIO_02708	693
IBPFAHIO_02709	478
IBPFAHIO_02710	1064
IBPFAHIO_02711	2998
IBPFAHIO_02712	149
IBPFAHIO_02713	29
IBPFAHIO_02714	17
IBPFAHIO_02715	34
IBPFAHIO_02716	38
IBPFAHIO_02717	7
IBPFAHIO_02718	11
IBPFAHIO_02719	17
IBPFAHIO_02720	10
IBPFAHIO_02721	13
IBPFAHIO_02722	59
IBPFAHIO_02723	43
IBPFAHIO_02724	0
IBPFAHIO_02725	0
IBPFAHIO_02726	507
IBPFAHIO_02727	9
IBPFAHIO_02728	1
IBPFAHIO_02729	71
IBPFAHIO_02730	69
IBPFAHIO_02731	703
IBPFAHIO_02732	64
IBPFAHIO_02733	73
IBPFAHIO_02734	14
IBPFAHIO_02735	17
IBPFAHIO_02736	12
IBPFAHIO_02737	61
IBPFAHIO_02738	74
IBPFAHIO_02739	1
IBPFAHIO_02740	817
IBPFAHIO_02741	65
IBPFAHIO_02742	309
IBPFAHIO_02743	141
IBPFAHIO_02744	298
IBPFAHIO_02745	302
IBPFAHIO_02746	0
IBPFAHIO_02747	20
IBPFAHIO_02748	8
IBPFAHIO_02749	10
IBPFAHIO_02750	2751
IBPFAHIO_02751	373
IBPFAHIO_02752	740
IBPFAHIO_02753	0
IBPFAHIO_02754	1
IBPFAHIO_02755	75
IBPFAHIO_02756	58
IBPFAHIO_02757	68
IBPFAHIO_02758	12
IBPFAHIO_02759	3
IBPFAHIO_02760	48
IBPFAHIO_02761	57
IBPFAHIO_02762	19
IBPFAHIO_02763	1944
IBPFAHIO_02764	2254
IBPFAHIO_02765	2130
IBPFAHIO_02766	10
IBPFAHIO_02767	146
IBPFAHIO_02768	50
IBPFAHIO_02769	450
IBPFAHIO_02770	303
IBPFAHIO_02771	247
IBPFAHIO_02772	210
IBPFAHIO_02773	3
IBPFAHIO_02774	8
IBPFAHIO_02775	35
IBPFAHIO_02776	81
IBPFAHIO_02777	1035
IBPFAHIO_02778	567
IBPFAHIO_02779	215
IBPFAHIO_02780	50
IBPFAHIO_02781	63
IBPFAHIO_02782	10
IBPFAHIO_02783	23
IBPFAHIO_02784	728
IBPFAHIO_02785	20
IBPFAHIO_02786	423
IBPFAHIO_02787	3
IBPFAHIO_02788	113
IBPFAHIO_02789	217
IBPFAHIO_02790	665
IBPFAHIO_02791	131
IBPFAHIO_02792	592
IBPFAHIO_02793	37
IBPFAHIO_02794	498
IBPFAHIO_02795	496
IBPFAHIO_02796	16
IBPFAHIO_02797	129
IBPFAHIO_02798	277
IBPFAHIO_02799	344
IBPFAHIO_02800	2506
IBPFAHIO_02801	43
IBPFAHIO_02802	2
IBPFAHIO_02803	42
IBPFAHIO_02804	35
IBPFAHIO_02805	4
IBPFAHIO_02806	7
IBPFAHIO_02807	187
IBPFAHIO_02808	83
IBPFAHIO_02809	227
IBPFAHIO_02810	332
IBPFAHIO_02811	144
IBPFAHIO_02812	53
IBPFAHIO_02813	40
IBPFAHIO_02814	58
IBPFAHIO_02815	144
IBPFAHIO_02816	23
IBPFAHIO_02817	144
IBPFAHIO_02818	158
IBPFAHIO_02819	18
IBPFAHIO_02820	24
IBPFAHIO_02821	81
IBPFAHIO_02822	54
IBPFAHIO_02823	69
IBPFAHIO_02824	132
IBPFAHIO_02825	266
IBPFAHIO_02826	267
IBPFAHIO_02827	600
IBPFAHIO_02828	460
IBPFAHIO_02829	182
IBPFAHIO_02830	1657
IBPFAHIO_02831	878
IBPFAHIO_02832	53
IBPFAHIO_02833	7080
IBPFAHIO_02834	4019
IBPFAHIO_02835	192
IBPFAHIO_02836	4
IBPFAHIO_02837	169
IBPFAHIO_02838	233
IBPFAHIO_02839	2
IBPFAHIO_02840	1
IBPFAHIO_02841	4
IBPFAHIO_02842	17
IBPFAHIO_02843	149
IBPFAHIO_02844	484
IBPFAHIO_02845	99
IBPFAHIO_02846	33
IBPFAHIO_02847	480
IBPFAHIO_02848	145
IBPFAHIO_02849	19
IBPFAHIO_02850	324
IBPFAHIO_02851	15
IBPFAHIO_02852	482
IBPFAHIO_02853	1268
IBPFAHIO_02854	520
IBPFAHIO_02855	298
IBPFAHIO_02856	641
IBPFAHIO_02857	62
IBPFAHIO_02858	916
IBPFAHIO_02859	1053
IBPFAHIO_02860	0
IBPFAHIO_02861	142
IBPFAHIO_02862	0
IBPFAHIO_02863	515
IBPFAHIO_02864	306
IBPFAHIO_02865	600
IBPFAHIO_02866	142
IBPFAHIO_02867	0
IBPFAHIO_02868	13
IBPFAHIO_02869	38
IBPFAHIO_02870	131
IBPFAHIO_02871	181
IBPFAHIO_02872	2942
IBPFAHIO_02873	8242
IBPFAHIO_02874	4545
IBPFAHIO_02875	184
IBPFAHIO_02876	991
IBPFAHIO_02877	1
IBPFAHIO_02878	33
IBPFAHIO_02879	188
IBPFAHIO_02880	182
IBPFAHIO_02881	7
IBPFAHIO_02882	10
IBPFAHIO_02883	3155
IBPFAHIO_02884	494
IBPFAHIO_02885	863
IBPFAHIO_02886	286
IBPFAHIO_02887	37
IBPFAHIO_02888	896
IBPFAHIO_02889	152
IBPFAHIO_02890	1014
IBPFAHIO_02891	3
IBPFAHIO_02892	186
IBPFAHIO_02893	57
IBPFAHIO_02894	18
IBPFAHIO_02895	12
IBPFAHIO_02896	9
IBPFAHIO_02897	13
IBPFAHIO_02898	1
IBPFAHIO_02899	1
IBPFAHIO_02900	4
IBPFAHIO_02901	5
IBPFAHIO_02902	25
IBPFAHIO_02903	383
IBPFAHIO_02904	97
IBPFAHIO_02905	769
IBPFAHIO_02906	432
IBPFAHIO_02907	14
IBPFAHIO_02908	124
IBPFAHIO_02909	91
IBPFAHIO_02910	141
IBPFAHIO_02911	8
IBPFAHIO_02912	43
IBPFAHIO_02913	22
IBPFAHIO_02914	104
IBPFAHIO_02915	22
IBPFAHIO_02916	13
IBPFAHIO_02917	19
IBPFAHIO_02918	128
IBPFAHIO_02919	7
IBPFAHIO_02920	70
IBPFAHIO_02921	47
IBPFAHIO_02922	38
IBPFAHIO_02923	0
IBPFAHIO_02924	0
IBPFAHIO_02925	0
IBPFAHIO_02926	0
IBPFAHIO_02927	28
IBPFAHIO_02928	78
IBPFAHIO_02929	1
IBPFAHIO_02930	171
IBPFAHIO_02931	261
IBPFAHIO_02932	39
IBPFAHIO_02933	104
IBPFAHIO_02934	1059
IBPFAHIO_02935	578
IBPFAHIO_02936	41
IBPFAHIO_02937	162
IBPFAHIO_02938	221
IBPFAHIO_02939	378
IBPFAHIO_02940	603
IBPFAHIO_02941	167
IBPFAHIO_02942	261
IBPFAHIO_02943	180
IBPFAHIO_02944	187
IBPFAHIO_02945	33
IBPFAHIO_02946	97
IBPFAHIO_02947	146
IBPFAHIO_02948	1233
IBPFAHIO_02949	3
IBPFAHIO_02950	0
IBPFAHIO_02951	0
IBPFAHIO_02952	1
IBPFAHIO_02953	0
IBPFAHIO_02954	78
IBPFAHIO_02955	104
IBPFAHIO_02956	150
IBPFAHIO_02957	3
IBPFAHIO_02958	314
IBPFAHIO_02959	464
IBPFAHIO_02960	392
IBPFAHIO_02961	202
IBPFAHIO_02962	17
IBPFAHIO_02963	9
IBPFAHIO_02964	28
IBPFAHIO_02965	90
IBPFAHIO_02966	466
IBPFAHIO_02967	17
IBPFAHIO_02968	71
IBPFAHIO_02969	2333
IBPFAHIO_02970	1268
IBPFAHIO_02971	213
IBPFAHIO_02972	977
IBPFAHIO_02973	324
IBPFAHIO_02974	18
IBPFAHIO_02975	202
IBPFAHIO_02976	14
IBPFAHIO_02977	364
IBPFAHIO_02978	404
IBPFAHIO_02979	38
IBPFAHIO_02980	743
IBPFAHIO_02981	1161
IBPFAHIO_02982	59
IBPFAHIO_02983	72
IBPFAHIO_02984	7
IBPFAHIO_02985	11
IBPFAHIO_02986	15
IBPFAHIO_02987	95
IBPFAHIO_02988	0
IBPFAHIO_02989	69
IBPFAHIO_02990	70
IBPFAHIO_02991	32
IBPFAHIO_02992	37
IBPFAHIO_02993	26
IBPFAHIO_02994	1
IBPFAHIO_02995	16
IBPFAHIO_02996	27
IBPFAHIO_02997	32
IBPFAHIO_02998	36
IBPFAHIO_02999	93
IBPFAHIO_03000	51
IBPFAHIO_03001	0
IBPFAHIO_03002	0
IBPFAHIO_03003	0
IBPFAHIO_03004	0
IBPFAHIO_03005	0
IBPFAHIO_03006	0
IBPFAHIO_03007	0
IBPFAHIO_03008	0
IBPFAHIO_03009	0
IBPFAHIO_03010	0
IBPFAHIO_03011	0
IBPFAHIO_03012	0
IBPFAHIO_03013	0
IBPFAHIO_03014	1
IBPFAHIO_03015	0
IBPFAHIO_03016	0
IBPFAHIO_03017	0
IBPFAHIO_03018	39
IBPFAHIO_03019	98
IBPFAHIO_03020	0
IBPFAHIO_03021	0
IBPFAHIO_03022	584
IBPFAHIO_03023	189
IBPFAHIO_03024	592
IBPFAHIO_03025	4488
IBPFAHIO_03026	56
IBPFAHIO_03027	345
IBPFAHIO_03028	78
IBPFAHIO_03029	570
IBPFAHIO_03030	0
IBPFAHIO_03031	20
IBPFAHIO_03032	341
IBPFAHIO_03033	430
IBPFAHIO_03034	27215
IBPFAHIO_03035	5767
IBPFAHIO_03036	1343
IBPFAHIO_03037	302
IBPFAHIO_03038	279
IBPFAHIO_03039	200
IBPFAHIO_03040	1871
IBPFAHIO_03041	18
IBPFAHIO_03042	340
IBPFAHIO_03043	462
IBPFAHIO_03044	0
IBPFAHIO_03045	590
IBPFAHIO_03046	1131
IBPFAHIO_03047	257
IBPFAHIO_03048	62
IBPFAHIO_03049	368
IBPFAHIO_03050	184
IBPFAHIO_03051	0
IBPFAHIO_03052	3
IBPFAHIO_03053	817
IBPFAHIO_03054	1654
IBPFAHIO_03055	178
IBPFAHIO_03056	0
IBPFAHIO_03057	0
IBPFAHIO_03058	0
IBPFAHIO_03059	0
IBPFAHIO_03060	2
IBPFAHIO_03061	2
IBPFAHIO_03062	0
IBPFAHIO_03063	0
IBPFAHIO_03064	0
IBPFAHIO_03065	0
IBPFAHIO_03066	0
IBPFAHIO_03067	0
IBPFAHIO_03068	0
IBPFAHIO_03069	0
IBPFAHIO_03070	61
IBPFAHIO_03071	139
IBPFAHIO_03072	0
IBPFAHIO_03073	0
IBPFAHIO_03074	58
IBPFAHIO_03075	203
IBPFAHIO_03076	101
IBPFAHIO_03077	38
IBPFAHIO_03078	134
IBPFAHIO_03079	38
IBPFAHIO_03080	0
IBPFAHIO_03081	75
IBPFAHIO_03082	13
IBPFAHIO_03083	0
IBPFAHIO_03084	0
IBPFAHIO_03085	0
IBPFAHIO_03086	0
IBPFAHIO_03087	394
IBPFAHIO_03088	2
IBPFAHIO_03089	0
IBPFAHIO_03090	351
IBPFAHIO_03091	58
IBPFAHIO_03092	549
IBPFAHIO_03093	147
IBPFAHIO_03094	6
IBPFAHIO_03095	11
IBPFAHIO_03096	788
IBPFAHIO_03097	680
IBPFAHIO_03098	1613
IBPFAHIO_03099	0
IBPFAHIO_03100	1
IBPFAHIO_03101	0
IBPFAHIO_03102	0
IBPFAHIO_03103	0
IBPFAHIO_03104	1
IBPFAHIO_03105	757
IBPFAHIO_03106	0
IBPFAHIO_03107	0
IBPFAHIO_03108	0
IBPFAHIO_03109	1
IBPFAHIO_03110	0
IBPFAHIO_03111	0
IBPFAHIO_03112	0
IBPFAHIO_03113	0
IBPFAHIO_03114	0
IBPFAHIO_03115	221
IBPFAHIO_03116	879
IBPFAHIO_03117	294
IBPFAHIO_03118	345
IBPFAHIO_03119	107
IBPFAHIO_03120	47
IBPFAHIO_03121	215
IBPFAHIO_03122	0
IBPFAHIO_03123	0
IBPFAHIO_03124	0
IBPFAHIO_03125	0
IBPFAHIO_03126	0
IBPFAHIO_03127	0
IBPFAHIO_03128	97
IBPFAHIO_03129	149
IBPFAHIO_03130	18
IBPFAHIO_03131	45
IBPFAHIO_03132	9
IBPFAHIO_03133	27
IBPFAHIO_03134	13
IBPFAHIO_03135	44
IBPFAHIO_03136	6
IBPFAHIO_03137	12
IBPFAHIO_03138	16
IBPFAHIO_03139	10
IBPFAHIO_03140	14
IBPFAHIO_03141	2
IBPFAHIO_03142	58
IBPFAHIO_03143	32
IBPFAHIO_03144	46
IBPFAHIO_03145	0
IBPFAHIO_03146	64
IBPFAHIO_03147	402
IBPFAHIO_03148	11
IBPFAHIO_03149	17
IBPFAHIO_03150	20
IBPFAHIO_03151	24
IBPFAHIO_03152	12
IBPFAHIO_03153	7
IBPFAHIO_03154	2
IBPFAHIO_03155	59
IBPFAHIO_03156	32
IBPFAHIO_03157	111
IBPFAHIO_03158	5
IBPFAHIO_03159	23
IBPFAHIO_03160	983
IBPFAHIO_03161	183
IBPFAHIO_03162	127
IBPFAHIO_03163	191
IBPFAHIO_03164	91
